ticket_id,customer_id,created_at,closed_at,priority,category,status,satisfaction_score,first_response_minutes,resolution_minutes,updated_at
TCK-0000001,CUST-000458,2025-11-22 16:03:00,,Low,Reporting,Open,,275,,2025-12-12 00:36:00
TCK-0000002,CUST-000221,2025-12-05 04:19:00,2025-12-07 19:37:00,Low,Reporting,Closed,4.0,47,3798.0,2025-12-21 22:31:00
TCK-0000003,CUST-000818,2025-12-12 04:03:00,2025-12-13 11:48:00,High,Reporting,Resolved,5.0,318,1905.0,2025-12-15 19:16:00
TCK-0000004,CUST-000433,2024-11-17 07:24:00,2024-11-22 10:35:00,Low,Integration,Closed,3.0,131,7391.0,2024-12-04 12:26:00
TCK-0000005,CUST-000012,2025-03-23 07:32:00,2025-03-28 15:44:00,Low,Billing,Resolved,5.0,392,7692.0,2025-04-06 13:16:00
TCK-0000006,CUST-000722,2025-08-13 08:21:00,,Low,Billing,In Progress,,386,,2025-08-13 13:16:00
TCK-0000007,CUST-000632,2025-10-04 19:02:00,2025-10-11 23:09:00,Medium,Integration,Closed,1.0,289,10327.0,2025-10-11 23:09:00
TCK-0000008,CUST-000739,2025-10-20 13:31:00,2025-10-27 07:02:00,Medium,Data Sync,Closed,3.0,279,9691.0,2025-11-13 13:34:00
TCK-0000009,CUST-000337,2025-12-02 10:42:00,2025-12-07 22:25:00,Medium,Integration,Closed,3.0,181,7903.0,2025-12-10 05:31:00
TCK-0000010,CUST-000944,2025-09-26 14:48:00,,Medium,Billing,Open,,23,,2025-10-05 16:46:00
TCK-0000011,CUST-000450,2024-10-03 23:25:00,2024-10-07 13:41:00,Medium,Integration,Closed,4.0,286,5176.0,2024-10-09 02:24:00
TCK-0000012,CUST-000614,2025-07-01 09:34:00,,Medium,Integration,Open,,9,,2025-07-23 11:58:00
TCK-0000013,CUST-000569,2025-07-19 11:12:00,2025-07-20 03:15:00,Medium,Billing,Closed,3.0,409,963.0,2025-07-31 08:48:00
TCK-0000014,CUST-000576,2025-03-07 19:51:00,,Medium,Login,In Progress,,187,,2025-03-15 23:08:00
TCK-0000015,CUST-000219,2025-05-07 04:51:00,2025-05-12 05:24:00,Low,Data Sync,Closed,1.0,265,7233.0,2025-05-21 04:30:00
TCK-0000016,CUST-000467,2025-01-29 01:16:00,2025-02-04 18:49:00,Critical,Reporting,Closed,2.0,24,9693.0,2025-02-06 13:55:00
TCK-0000017,CUST-000206,2025-11-11 14:34:00,,Medium,Reporting,Open,,165,,2025-11-26 22:35:00
TCK-0000018,CUST-000235,2025-09-06 20:48:00,,Low,Billing,In Progress,,150,,2025-09-24 17:47:00
TCK-0000019,CUST-000770,2025-12-04 14:52:00,2025-12-08 01:08:00,Medium,Product Question,Closed,5.0,271,4936.0,2025-12-08 01:08:00
TCK-0000020,CUST-000786,2025-12-25 17:31:00,2025-12-30 02:51:00,Medium,Data Sync,Resolved,5.0,114,6320.0,2025-12-30 02:51:00
TCK-0000021,CUST-000832,2025-08-19 04:02:00,2025-08-22 05:47:00,Medium,Reporting,Closed,3.0,130,4425.0,2025-09-11 11:06:00
TCK-0000022,CUST-000599,2025-12-17 08:44:00,,Medium,Billing,In Progress,,234,,2025-12-20 22:15:00
TCK-0000023,CUST-000262,2025-12-31 07:33:00,,Low,Billing,Open,,275,,2026-01-03 05:44:00
TCK-0000024,CUST-000111,2025-10-11 14:46:00,,Critical,Performance,Open,,268,,2025-11-09 15:58:00
TCK-0000025,CUST-000630,2024-02-18 06:08:00,,Medium,Billing,Open,,161,,2024-03-16 02:33:00
TCK-0000026,CUST-000880,2025-12-19 10:20:00,2025-12-21 20:42:00,Medium,Product Question,Resolved,5.0,329,3502.0,2026-01-02 04:56:00
TCK-0000027,CUST-000517,2025-10-25 03:15:00,2025-11-01 02:05:00,Low,Product Question,Closed,5.0,66,10010.0,2025-11-01 02:05:00
TCK-0000028,CUST-000279,2025-08-06 02:35:00,,High,Reporting,In Progress,,206,,2025-08-30 21:23:00
TCK-0000029,CUST-000597,2025-11-21 07:16:00,2025-11-26 00:09:00,Medium,Login,Closed,3.0,468,6773.0,2025-12-19 01:08:00
TCK-0000030,CUST-000166,2025-12-14 23:07:00,,Low,Data Sync,In Progress,,289,,2026-01-08 13:23:00
TCK-0000031,CUST-000864,2025-09-06 02:13:00,2025-09-06 23:11:00,Medium,Product Question,Closed,1.0,75,1258.0,2025-10-04 17:46:00
TCK-0000032,CUST-000386,2025-10-18 08:28:00,2025-10-21 21:53:00,Low,Billing,Resolved,1.0,297,5125.0,2025-10-21 21:53:00
TCK-0000033,CUST-000598,2025-12-08 12:52:00,2025-12-12 23:48:00,Medium,Performance,Resolved,2.0,391,6416.0,2026-01-05 00:07:00
TCK-0000034,CUST-000677,2025-12-15 20:12:00,2025-12-15 23:39:00,Medium,Data Sync,Closed,3.0,162,207.0,2025-12-29 16:50:00
TCK-0000035,CUST-000860,2025-02-01 00:59:00,2025-02-05 13:06:00,Medium,Data Sync,Closed,2.0,96,6487.0,2025-02-10 14:07:00
TCK-0000036,CUST-000340,2024-05-24 18:41:00,2024-05-30 21:47:00,Medium,Login,Resolved,1.0,143,8826.0,2024-06-12 10:47:00
TCK-0000037,CUST-000473,2025-12-19 17:29:00,2025-12-20 01:18:00,Medium,Performance,Closed,5.0,363,469.0,2026-01-18 11:17:00
TCK-0000038,CUST-000373,2024-04-28 18:13:00,2024-05-02 19:40:00,Low,Reporting,Resolved,4.0,321,5847.0,2024-05-22 13:53:00
TCK-0000039,CUST-000064,2025-07-18 14:30:00,2025-07-25 13:40:00,High,Data Sync,Closed,4.0,312,10030.0,2025-07-28 23:03:00
TCK-0000040,CUST-000309,2025-11-04 00:50:00,2025-11-10 06:27:00,Low,Billing,Closed,5.0,112,8977.0,2025-12-03 00:22:00
TCK-0000041,CUST-000160,2025-07-28 00:30:00,2025-07-31 08:41:00,Low,Performance,Closed,5.0,32,4811.0,2025-08-04 18:32:00
TCK-0000042,CUST-000748,2025-11-12 20:00:00,2025-11-17 19:50:00,Low,Reporting,Closed,3.0,34,7190.0,2025-11-17 19:50:00
TCK-0000043,CUST-000646,2024-03-17 20:23:00,2024-03-20 04:42:00,Low,Login,Closed,4.0,239,3379.0,2024-04-12 02:31:00
TCK-0000044,CUST-000110,2025-01-13 11:28:00,2025-01-17 21:23:00,Low,Integration,Closed,5.0,30,6355.0,2025-02-03 14:05:00
TCK-0000045,CUST-000380,2025-11-04 08:59:00,2025-11-05 16:20:00,High,Reporting,Closed,4.0,451,1881.0,2025-11-07 14:57:00
TCK-0000046,CUST-000022,2025-09-13 20:58:00,2025-09-18 23:14:00,Low,Data Sync,Resolved,2.0,164,7336.0,2025-09-27 01:52:00
TCK-0000047,CUST-000472,2024-04-18 19:58:00,2024-04-22 06:45:00,Medium,Integration,Closed,5.0,263,4967.0,2024-04-22 06:45:00
TCK-0000048,CUST-000240,2025-11-29 09:23:00,,Medium,Billing,Open,,468,,2025-12-11 05:08:00
TCK-0000049,CUST-000743,2025-01-26 04:00:00,2025-02-01 00:05:00,Medium,Reporting,Closed,1.0,239,8405.0,2025-02-12 09:15:00
TCK-0000050,CUST-000936,2024-06-26 15:34:00,2024-06-29 15:10:00,Medium,Product Question,Resolved,5.0,239,4296.0,2024-06-29 15:10:00
TCK-0000051,CUST-000625,2025-11-17 20:59:00,2025-11-19 23:21:00,Medium,Integration,Closed,4.0,42,3022.0,2025-11-28 16:37:00
TCK-0000052,CUST-000138,2024-09-19 07:12:00,2024-09-24 10:26:00,Low,Performance,Resolved,3.0,154,7394.0,2024-10-19 00:07:00
TCK-0000053,CUST-000734,2025-04-18 03:38:00,2025-04-20 21:15:00,Medium,Reporting,Resolved,2.0,41,3937.0,2025-04-28 11:30:00
TCK-0000054,CUST-000516,2025-11-05 17:20:00,2025-11-12 00:26:00,Critical,Performance,Closed,4.0,322,9066.0,2025-11-24 06:20:00
TCK-0000055,CUST-000038,2025-10-11 01:26:00,2025-10-14 12:19:00,Low,Reporting,Closed,3.0,232,4973.0,2025-10-21 21:26:00
TCK-0000056,CUST-000080,2024-11-12 23:48:00,,High,Data Sync,Open,,72,,2024-12-01 21:00:00
TCK-0000057,CUST-000930,2025-07-08 09:16:00,2025-07-15 08:18:00,Medium,Reporting,Closed,1.0,474,10022.0,2025-07-15 08:18:00
TCK-0000058,CUST-000748,2025-09-23 07:41:00,2025-09-28 08:08:00,Critical,Reporting,Closed,1.0,417,7227.0,2025-10-21 09:40:00
TCK-0000059,CUST-000365,2025-09-26 23:36:00,2025-10-01 04:02:00,Low,Reporting,Resolved,2.0,25,6026.0,2025-10-06 16:43:00
TCK-0000060,CUST-000005,2025-10-14 07:58:00,2025-10-20 12:18:00,Medium,Data Sync,Closed,5.0,477,8900.0,2025-10-21 08:38:00
TCK-0000061,CUST-000711,2024-07-18 04:46:00,2024-07-24 02:50:00,Low,Performance,Resolved,4.0,313,8524.0,2024-07-24 02:50:00
TCK-0000062,CUST-000457,2025-11-30 17:53:00,2025-12-02 10:34:00,Low,Performance,Closed,2.0,301,2441.0,2025-12-21 20:50:00
TCK-0000063,CUST-000416,2025-07-08 13:57:00,2025-07-11 15:55:00,Medium,Integration,Closed,5.0,423,4438.0,2025-07-30 23:58:00
TCK-0000064,CUST-000026,2025-09-22 11:34:00,2025-09-24 19:23:00,Low,Login,Closed,4.0,62,3349.0,2025-10-06 06:46:00
TCK-0000065,CUST-000211,2025-05-31 00:28:00,2025-06-06 00:49:00,Medium,Integration,Closed,1.0,439,8661.0,2025-06-06 00:49:00
TCK-0000066,CUST-000244,2025-04-11 06:42:00,2025-04-15 15:09:00,Medium,Reporting,Closed,1.0,444,6267.0,2025-04-25 21:59:00
TCK-0000067,CUST-000550,2025-10-13 16:44:00,2025-10-14 19:05:00,High,Product Question,Resolved,2.0,350,1581.0,2025-10-31 15:52:00
TCK-0000068,CUST-000622,2025-09-20 23:16:00,2025-09-22 10:47:00,High,Reporting,Closed,3.0,57,2131.0,2025-10-14 12:06:00
TCK-0000069,CUST-000087,2025-08-16 00:51:00,,Low,Product Question,Open,,265,,2025-08-18 15:20:00
TCK-0000070,CUST-000951,2024-05-03 01:35:00,2024-05-07 23:33:00,High,Billing,Closed,3.0,68,7078.0,2024-05-11 03:12:00
TCK-0000071,CUST-000048,2025-12-05 01:08:00,2025-12-09 08:10:00,Low,Performance,Closed,2.0,144,6182.0,2026-01-02 18:54:00
TCK-0000072,CUST-000673,2025-10-01 20:59:00,2025-10-07 09:31:00,Medium,Reporting,Closed,4.0,345,7952.0,2025-10-29 23:14:00
TCK-0000073,CUST-000279,2025-04-18 13:19:00,2025-04-21 17:07:00,Medium,Reporting,Closed,4.0,189,4548.0,2025-04-30 12:23:00
TCK-0000074,CUST-000991,2025-09-27 01:14:00,2025-09-27 11:52:00,Low,Reporting,Closed,4.0,349,638.0,2025-10-11 16:39:00
TCK-0000075,CUST-000428,2025-06-17 15:40:00,2025-06-19 23:57:00,High,Performance,Closed,4.0,231,3377.0,2025-07-01 03:53:00
TCK-0000076,CUST-000596,2024-10-14 15:28:00,2024-10-19 08:23:00,Low,Login,Resolved,1.0,112,6775.0,2024-10-30 03:17:00
TCK-0000077,CUST-000246,2025-12-12 03:28:00,,Medium,Data Sync,Open,,198,,2026-01-04 13:00:00
TCK-0000078,CUST-000335,2025-04-14 08:29:00,2025-04-14 19:35:00,Medium,Login,Resolved,2.0,330,666.0,2025-04-26 02:27:00
TCK-0000079,CUST-000991,2025-12-07 07:39:00,2025-12-13 05:23:00,Low,Reporting,Closed,5.0,392,8504.0,2025-12-15 00:33:00
TCK-0000080,CUST-000844,2025-01-31 16:17:00,2025-02-01 08:07:00,Low,Reporting,Closed,4.0,445,950.0,2025-02-02 23:07:00
TCK-0000081,CUST-000029,2025-01-26 11:58:00,2025-01-31 19:36:00,Medium,Login,Closed,4.0,444,7658.0,2025-02-09 15:36:00
TCK-0000082,CUST-000678,2025-11-11 15:53:00,2025-11-13 00:01:00,Low,Performance,Resolved,2.0,401,1928.0,2025-11-28 06:42:00
TCK-0000083,CUST-000869,2025-11-01 14:16:00,2025-11-07 03:59:00,Low,Data Sync,Resolved,4.0,183,8023.0,2025-11-22 01:07:00
TCK-0000084,CUST-000647,2025-08-09 06:55:00,,Low,Performance,In Progress,,131,,2025-08-28 23:38:00
TCK-0000085,CUST-000424,2025-10-30 00:40:00,2025-11-03 04:38:00,Medium,Integration,Closed,2.0,231,5998.0,2025-11-09 13:51:00
TCK-0000086,CUST-000422,2025-08-27 08:25:00,,Low,Data Sync,In Progress,,168,,2025-08-28 20:57:00
TCK-0000087,CUST-000756,2025-10-30 11:25:00,2025-11-01 01:24:00,Medium,Reporting,Resolved,1.0,339,2279.0,2025-11-13 01:47:00
TCK-0000088,CUST-000914,2025-01-02 17:52:00,2025-01-06 23:31:00,Medium,Integration,Closed,4.0,468,6099.0,2025-01-11 15:25:00
TCK-0000089,CUST-000910,2025-12-25 19:12:00,2025-12-31 18:44:00,Medium,Login,Closed,3.0,461,8612.0,2026-01-01 12:58:00
TCK-0000090,CUST-000576,2025-12-15 00:16:00,2025-12-15 13:43:00,High,Integration,Resolved,2.0,225,807.0,2026-01-08 21:39:00
TCK-0000091,CUST-000588,2025-05-21 22:08:00,2025-05-25 03:21:00,Medium,Integration,Resolved,3.0,225,4633.0,2025-06-04 12:07:00
TCK-0000092,CUST-000727,2024-09-18 08:57:00,,Low,Performance,Open,,412,,2024-10-03 05:33:00
TCK-0000093,CUST-000499,2025-01-24 19:37:00,2025-01-30 18:18:00,Critical,Integration,Closed,5.0,320,8561.0,2025-02-12 16:20:00
TCK-0000094,CUST-000050,2025-08-07 04:40:00,2025-08-10 11:41:00,Low,Product Question,Closed,3.0,19,4741.0,2025-08-25 06:33:00
TCK-0000095,CUST-000631,2025-11-14 20:48:00,2025-11-15 04:02:00,Medium,Integration,Resolved,5.0,110,434.0,2025-12-12 20:44:00
TCK-0000096,CUST-000806,2025-12-17 11:55:00,2025-12-21 08:57:00,Low,Data Sync,Resolved,3.0,20,5582.0,2025-12-28 12:05:00
TCK-0000097,CUST-000974,2025-12-22 15:45:00,,Medium,Reporting,Open,,32,,2026-01-10 11:07:00
TCK-0000098,CUST-000289,2025-12-11 05:04:00,2025-12-16 05:26:00,Medium,Performance,Resolved,4.0,84,7222.0,2025-12-16 05:26:00
TCK-0000099,CUST-000081,2025-12-06 21:52:00,2025-12-09 07:16:00,Low,Billing,Closed,1.0,220,3444.0,2025-12-09 07:16:00
TCK-0000100,CUST-000590,2025-10-09 16:40:00,2025-10-15 15:54:00,Medium,Data Sync,Closed,2.0,134,8594.0,2025-10-26 12:08:00
TCK-0000101,CUST-000566,2025-12-30 06:39:00,2026-01-02 12:57:00,Medium,Product Question,Closed,3.0,286,4698.0,2026-01-02 12:57:00
TCK-0000102,CUST-000707,2025-12-13 18:58:00,,Low,Billing,In Progress,,425,,2025-12-21 10:28:00
TCK-0000103,CUST-000483,2024-08-11 04:39:00,2024-08-12 11:14:00,Medium,Integration,Closed,5.0,48,1835.0,2024-09-01 07:39:00
TCK-0000104,CUST-000674,2025-01-12 07:10:00,2025-01-16 17:37:00,Low,Reporting,Closed,2.0,73,6387.0,2025-02-02 14:18:00
TCK-0000105,CUST-000820,2025-07-02 04:31:00,2025-07-05 19:53:00,Critical,Product Question,Resolved,4.0,279,5242.0,2025-07-12 14:01:00
TCK-0000106,CUST-000228,2025-12-02 13:27:00,2025-12-03 10:53:00,Medium,Performance,Closed,5.0,394,1286.0,2025-12-14 10:26:00
TCK-0000107,CUST-000106,2025-09-10 18:20:00,2025-09-15 14:27:00,Low,Performance,Closed,1.0,311,6967.0,2025-10-07 22:00:00
TCK-0000108,CUST-000786,2025-03-31 11:35:00,2025-04-01 02:39:00,Low,Product Question,Resolved,2.0,333,904.0,2025-04-15 17:52:00
TCK-0000109,CUST-000642,2025-09-21 15:45:00,,Low,Data Sync,In Progress,,445,,2025-10-02 08:30:00
TCK-0000110,CUST-000154,2025-11-23 05:39:00,2025-11-25 05:26:00,Medium,Product Question,Resolved,2.0,227,2867.0,2025-12-10 01:54:00
TCK-0000111,CUST-000301,2025-11-30 18:45:00,2025-12-04 02:37:00,High,Product Question,Closed,3.0,141,4792.0,2025-12-12 22:22:00
TCK-0000112,CUST-000554,2024-07-07 17:56:00,2024-07-11 18:32:00,Medium,Data Sync,Closed,4.0,254,5796.0,2024-07-29 10:01:00
TCK-0000113,CUST-000761,2024-10-16 21:49:00,,Medium,Product Question,In Progress,,396,,2024-10-29 16:48:00
TCK-0000114,CUST-000536,2025-12-31 06:57:00,2026-01-06 18:19:00,Low,Integration,Closed,4.0,280,9322.0,2026-01-24 15:35:00
TCK-0000115,CUST-000067,2025-09-03 06:06:00,2025-09-07 01:24:00,Low,Reporting,Closed,5.0,463,5478.0,2025-09-09 16:59:00
TCK-0000116,CUST-000775,2025-10-15 14:15:00,,Medium,Login,Open,,149,,2025-10-18 14:53:00
TCK-0000117,CUST-000840,2025-12-21 01:42:00,2025-12-27 21:43:00,Low,Product Question,Closed,2.0,318,9841.0,2026-01-11 07:57:00
TCK-0000118,CUST-000042,2025-11-19 20:40:00,2025-11-26 16:59:00,High,Billing,Closed,5.0,383,9859.0,2025-11-26 16:59:00
TCK-0000119,CUST-000001,2025-10-29 09:39:00,2025-11-01 08:59:00,Low,Login,Resolved,2.0,239,4280.0,2025-11-14 16:32:00
TCK-0000120,CUST-000131,2025-10-12 15:45:00,2025-10-14 13:54:00,Medium,Performance,Closed,4.0,84,2769.0,2025-10-17 11:27:00
TCK-0000121,CUST-000885,2024-10-11 05:57:00,2024-10-16 15:11:00,Medium,Billing,Closed,4.0,440,7754.0,2024-10-16 15:11:00
TCK-0000122,CUST-000934,2025-12-16 09:17:00,2025-12-22 04:27:00,High,Reporting,Resolved,2.0,84,8350.0,2026-01-05 03:02:00
TCK-0000123,CUST-000483,2025-08-21 12:05:00,,Low,Data Sync,In Progress,,258,,2025-09-19 04:01:00
TCK-0000124,CUST-000425,2024-12-15 12:46:00,2024-12-17 18:00:00,Low,Performance,Closed,4.0,298,3194.0,2024-12-23 01:33:00
TCK-0000125,CUST-000926,2025-05-11 16:38:00,2025-05-13 18:35:00,Medium,Login,Closed,4.0,103,2997.0,2025-05-18 18:56:00
TCK-0000126,CUST-000247,2025-12-13 21:16:00,,Medium,Billing,Open,,157,,2026-01-06 02:15:00
TCK-0000127,CUST-000010,2025-04-27 18:58:00,2025-05-02 02:12:00,Low,Reporting,Closed,4.0,300,6194.0,2025-05-10 11:25:00
TCK-0000128,CUST-000849,2024-10-29 15:13:00,,High,Product Question,In Progress,,11,,2024-11-10 03:41:00
TCK-0000129,CUST-000922,2025-10-11 01:03:00,2025-10-17 03:50:00,High,Billing,Closed,1.0,366,8807.0,2025-10-21 01:32:00
TCK-0000130,CUST-000810,2025-12-09 13:10:00,2025-12-15 22:35:00,Low,Billing,Resolved,3.0,310,9205.0,2025-12-22 03:17:00
TCK-0000131,CUST-000544,2024-11-07 02:34:00,2024-11-10 04:52:00,High,Data Sync,Closed,2.0,360,4458.0,2024-11-20 12:36:00
TCK-0000132,CUST-000997,2024-08-15 09:49:00,2024-08-17 09:56:00,High,Login,Closed,3.0,387,2887.0,2024-09-01 04:03:00
TCK-0000133,CUST-000067,2025-09-05 23:04:00,2025-09-06 16:54:00,Low,Reporting,Resolved,1.0,382,1070.0,2025-09-22 02:42:00
TCK-0000134,CUST-000882,2025-07-22 18:07:00,,High,Login,In Progress,,320,,2025-08-10 05:53:00
TCK-0000135,CUST-000986,2025-10-05 04:50:00,2025-10-07 00:46:00,Medium,Integration,Closed,1.0,215,2636.0,2025-10-21 11:42:00
TCK-0000136,CUST-000542,2025-12-10 04:07:00,,High,Billing,Open,,230,,2025-12-10 17:15:00
TCK-0000137,CUST-000282,2025-04-10 06:38:00,2025-04-12 20:17:00,Medium,Billing,Closed,2.0,343,3699.0,2025-05-01 15:24:00
TCK-0000138,CUST-000205,2025-05-31 17:10:00,2025-06-03 18:06:00,Low,Performance,Closed,4.0,333,4376.0,2025-06-13 03:21:00
TCK-0000139,CUST-000185,2025-08-18 07:29:00,,Medium,Performance,Open,,47,,2025-08-20 09:31:00
TCK-0000140,CUST-000104,2024-04-08 13:25:00,2024-04-09 09:50:00,Medium,Product Question,Resolved,1.0,213,1225.0,2024-05-03 01:22:00
TCK-0000141,CUST-000068,2025-11-24 12:14:00,2025-11-26 12:28:00,Medium,Billing,Closed,5.0,359,2894.0,2025-12-05 04:44:00
TCK-0000142,CUST-000533,2025-11-09 02:09:00,2025-11-13 07:29:00,Medium,Performance,Closed,1.0,310,6080.0,2025-11-27 09:32:00
TCK-0000143,CUST-000518,2025-06-28 15:36:00,,Medium,Login,Open,,30,,2025-07-24 19:45:00
TCK-0000144,CUST-000109,2025-09-13 20:04:00,2025-09-15 15:51:00,Medium,Login,Closed,4.0,203,2627.0,2025-09-22 02:00:00
TCK-0000145,CUST-000676,2025-03-20 11:10:00,2025-03-23 04:10:00,Low,Billing,Closed,2.0,397,3900.0,2025-03-23 11:51:00
TCK-0000146,CUST-000533,2025-12-27 13:49:00,,High,Integration,Open,,352,,2026-01-24 11:08:00
TCK-0000147,CUST-000301,2025-05-19 17:11:00,2025-05-25 20:58:00,High,Reporting,Resolved,5.0,58,8867.0,2025-06-08 20:25:00
TCK-0000148,CUST-000898,2025-10-14 14:41:00,,High,Billing,Open,,458,,2025-11-12 16:00:00
TCK-0000149,CUST-000695,2025-12-07 07:38:00,2025-12-13 14:39:00,Low,Reporting,Closed,1.0,99,9061.0,2025-12-22 22:55:00
TCK-0000150,CUST-000380,2025-11-21 13:52:00,2025-11-24 07:16:00,Medium,Billing,Closed,5.0,359,3924.0,2025-12-05 12:43:00
TCK-0000151,CUST-000845,2025-03-22 13:08:00,2025-03-28 11:02:00,Low,Integration,Closed,1.0,409,8514.0,2025-04-11 06:43:00
TCK-0000152,CUST-000979,2024-10-14 21:56:00,2024-10-17 05:54:00,High,Performance,Closed,3.0,288,3358.0,2024-10-25 07:54:00
TCK-0000153,CUST-000455,2025-10-27 22:19:00,2025-10-30 11:50:00,Low,Performance,Resolved,4.0,49,3691.0,2025-11-18 04:44:00
TCK-0000154,CUST-000618,2025-03-28 13:07:00,,High,Login,Open,,74,,2025-04-23 17:35:00
TCK-0000155,CUST-000965,2025-12-01 21:40:00,2025-12-04 14:44:00,High,Reporting,Closed,5.0,97,3904.0,2025-12-26 14:12:00
TCK-0000156,CUST-000455,2025-10-30 18:21:00,2025-10-31 14:05:00,High,Integration,Closed,4.0,47,1184.0,2025-11-08 05:25:00
TCK-0000157,CUST-000107,2025-07-28 10:00:00,2025-08-01 18:48:00,Low,Performance,Closed,4.0,16,6288.0,2025-08-12 02:38:00
TCK-0000158,CUST-000413,2025-12-24 12:53:00,2025-12-27 16:23:00,Critical,Performance,Closed,5.0,13,4530.0,2026-01-15 08:53:00
TCK-0000159,CUST-000730,2025-10-23 14:25:00,2025-10-29 20:36:00,Low,Billing,Closed,1.0,229,9011.0,2025-10-29 20:36:00
TCK-0000160,CUST-000980,2025-07-14 19:12:00,,Low,Billing,Open,,239,,2025-08-04 09:17:00
TCK-0000161,CUST-000737,2025-03-12 04:00:00,,Medium,Data Sync,Open,,172,,2025-03-26 22:01:00
TCK-0000162,CUST-000962,2025-11-26 18:51:00,2025-12-01 05:30:00,High,Performance,Closed,5.0,133,6399.0,2025-12-15 19:20:00
TCK-0000163,CUST-000558,2025-11-29 22:32:00,,Medium,Billing,In Progress,,78,,2025-12-09 20:23:00
TCK-0000164,CUST-000739,2025-11-28 23:48:00,2025-12-03 13:02:00,Medium,Reporting,Resolved,1.0,85,6554.0,2025-12-03 19:42:00
TCK-0000165,CUST-000140,2024-12-13 00:45:00,2024-12-17 07:05:00,High,Data Sync,Closed,2.0,222,6140.0,2024-12-17 19:09:00
TCK-0000166,CUST-000849,2025-01-20 14:18:00,2025-01-26 07:45:00,Critical,Product Question,Resolved,5.0,127,8247.0,2025-01-26 07:45:00
TCK-0000167,CUST-000544,2025-01-17 11:47:00,2025-01-17 19:56:00,High,Product Question,Closed,3.0,258,489.0,2025-02-14 17:01:00
TCK-0000168,CUST-000028,2025-12-22 08:38:00,2025-12-25 01:41:00,Medium,Integration,Closed,4.0,463,3903.0,2026-01-02 23:38:00
TCK-0000169,CUST-000166,2025-11-23 13:53:00,2025-11-25 00:02:00,Low,Integration,Closed,3.0,469,2049.0,2025-11-27 11:14:00
TCK-0000170,CUST-000733,2025-12-26 21:43:00,2025-12-30 03:46:00,Medium,Product Question,Resolved,3.0,110,4683.0,2026-01-12 04:08:00
TCK-0000171,CUST-000086,2025-08-07 00:12:00,2025-08-14 03:50:00,Medium,Reporting,Closed,5.0,224,10298.0,2025-09-04 01:10:00
TCK-0000172,CUST-000637,2025-02-26 15:39:00,2025-03-01 03:27:00,Medium,Performance,Resolved,3.0,255,3588.0,2025-03-09 14:06:00
TCK-0000173,CUST-000541,2025-06-14 05:46:00,2025-06-14 14:19:00,High,Login,Resolved,4.0,140,513.0,2025-06-23 12:53:00
TCK-0000174,CUST-000462,2025-08-24 14:43:00,2025-08-26 17:57:00,Critical,Performance,Resolved,5.0,470,3074.0,2025-09-15 13:46:00
TCK-0000175,CUST-000608,2025-02-03 18:12:00,2025-02-09 00:26:00,Low,Billing,Resolved,3.0,103,7574.0,2025-02-23 22:04:00
TCK-0000176,CUST-000671,2025-08-01 17:49:00,2025-08-04 08:49:00,Medium,Login,Resolved,4.0,69,3780.0,2025-08-10 01:37:00
TCK-0000177,CUST-000803,2025-12-31 02:51:00,,Medium,Billing,Open,,68,,2025-12-31 04:35:00
TCK-0000178,CUST-000539,2025-06-18 12:06:00,2025-06-20 23:06:00,Medium,Integration,Resolved,5.0,119,3540.0,2025-07-06 16:32:00
TCK-0000179,CUST-000205,2025-01-11 17:01:00,2025-01-16 14:09:00,Medium,Product Question,Closed,3.0,8,7028.0,2025-02-08 09:26:00
TCK-0000180,CUST-000881,2025-04-21 17:05:00,2025-04-24 21:13:00,Medium,Data Sync,Resolved,1.0,285,4568.0,2025-04-29 01:43:00
TCK-0000181,CUST-000933,2025-07-13 09:23:00,2025-07-15 16:53:00,Medium,Data Sync,Closed,5.0,450,3330.0,2025-07-26 13:38:00
TCK-0000182,CUST-000192,2025-04-01 23:36:00,,Medium,Billing,Open,,350,,2025-04-15 05:12:00
TCK-0000183,CUST-000572,2025-11-19 05:23:00,2025-11-23 00:25:00,High,Product Question,Closed,1.0,364,5462.0,2025-12-03 07:31:00
TCK-0000184,CUST-000479,2025-10-14 17:11:00,2025-10-17 10:55:00,Low,Data Sync,Closed,2.0,410,3944.0,2025-10-27 11:13:00
TCK-0000185,CUST-000645,2025-11-07 05:25:00,2025-11-13 09:20:00,Low,Product Question,Closed,5.0,274,8875.0,2025-11-20 08:23:00
TCK-0000186,CUST-000061,2025-12-04 18:16:00,2025-12-08 02:29:00,Medium,Billing,Closed,2.0,318,4813.0,2025-12-20 01:15:00
TCK-0000187,CUST-000168,2025-10-08 08:44:00,2025-10-10 01:55:00,Medium,Billing,Closed,4.0,377,2471.0,2025-11-06 03:32:00
TCK-0000188,CUST-000162,2025-04-19 16:48:00,2025-04-22 17:48:00,Medium,Reporting,Closed,5.0,18,4380.0,2025-05-12 06:53:00
TCK-0000189,CUST-000801,2025-11-02 02:22:00,,Medium,Data Sync,In Progress,,143,,2025-11-07 14:39:00
TCK-0000190,CUST-000618,2025-09-29 15:19:00,2025-10-01 17:02:00,Medium,Billing,Resolved,3.0,107,2983.0,2025-10-09 20:52:00
TCK-0000191,CUST-000658,2025-11-07 13:54:00,2025-11-09 02:26:00,Low,Integration,Resolved,2.0,283,2192.0,2025-12-02 16:49:00
TCK-0000192,CUST-000316,2025-07-02 15:19:00,2025-07-06 04:51:00,Medium,Login,Closed,5.0,265,5132.0,2025-07-21 23:32:00
TCK-0000193,CUST-000185,2025-10-02 23:05:00,2025-10-09 07:10:00,Medium,Product Question,Closed,4.0,88,9125.0,2025-10-17 15:08:00
TCK-0000194,CUST-000098,2025-10-15 23:40:00,2025-10-22 02:24:00,Medium,Performance,Closed,1.0,63,8804.0,2025-11-11 21:33:00
TCK-0000195,CUST-000502,2024-06-01 12:25:00,2024-06-07 23:11:00,Low,Data Sync,Resolved,3.0,405,9286.0,2024-06-15 20:38:00
TCK-0000196,CUST-000757,2025-12-15 15:48:00,2025-12-17 15:34:00,High,Performance,Closed,3.0,69,2866.0,2025-12-25 01:00:00
TCK-0000197,CUST-000387,2025-11-30 02:38:00,2025-12-06 07:27:00,Low,Login,Closed,2.0,391,8929.0,2025-12-21 18:02:00
TCK-0000198,CUST-000974,2025-12-25 01:07:00,2025-12-28 17:38:00,High,Product Question,Resolved,5.0,390,5311.0,2026-01-09 11:17:00
TCK-0000199,CUST-000999,2025-06-19 09:01:00,2025-06-21 23:38:00,High,Performance,Resolved,5.0,397,3757.0,2025-06-23 17:56:00
TCK-0000200,CUST-000068,2025-11-07 05:05:00,2025-11-10 20:32:00,Low,Performance,Closed,2.0,362,5247.0,2025-11-16 06:36:00
TCK-0000201,CUST-000985,2025-08-04 12:34:00,,Medium,Data Sync,Open,,385,,2025-08-29 14:56:00
TCK-0000202,CUST-000769,2025-12-23 06:36:00,2025-12-28 04:45:00,Low,Reporting,Closed,3.0,100,7089.0,2026-01-17 04:18:00
TCK-0000203,CUST-000592,2025-09-05 09:38:00,2025-09-11 00:31:00,Low,Product Question,Closed,4.0,171,8093.0,2025-09-27 05:51:00
TCK-0000204,CUST-000195,2025-08-03 16:18:00,,Medium,Reporting,Open,,239,,2025-08-12 09:15:00
TCK-0000205,CUST-000386,2025-12-08 10:00:00,2025-12-10 01:40:00,Medium,Reporting,Resolved,4.0,425,2380.0,2025-12-13 10:51:00
TCK-0000206,CUST-000827,2024-10-07 03:54:00,2024-10-09 02:10:00,High,Reporting,Closed,4.0,470,2776.0,2024-11-05 17:11:00
TCK-0000207,CUST-000477,2025-03-20 11:43:00,2025-03-22 02:37:00,Medium,Billing,Closed,1.0,181,2334.0,2025-04-04 22:22:00
TCK-0000208,CUST-000909,2025-11-11 21:26:00,2025-11-14 16:25:00,Medium,Billing,Closed,1.0,285,4019.0,2025-11-14 16:25:00
TCK-0000209,CUST-000266,2025-08-19 18:55:00,2025-08-20 23:03:00,Medium,Performance,Resolved,3.0,455,1688.0,2025-09-15 05:28:00
TCK-0000210,CUST-000311,2024-09-28 04:03:00,2024-09-29 15:27:00,Low,Data Sync,Closed,3.0,348,2124.0,2024-10-25 00:03:00
TCK-0000211,CUST-000774,2025-07-13 19:42:00,2025-07-18 13:04:00,Low,Reporting,Closed,5.0,238,6802.0,2025-07-28 01:11:00
TCK-0000212,CUST-000122,2025-12-12 20:06:00,2025-12-13 16:33:00,Medium,Reporting,Closed,1.0,315,1227.0,2026-01-05 21:34:00
TCK-0000213,CUST-000504,2024-11-30 15:52:00,2024-12-05 00:10:00,Medium,Billing,Closed,3.0,436,6258.0,2024-12-26 20:42:00
TCK-0000214,CUST-000339,2025-01-28 21:59:00,2025-01-30 05:18:00,High,Reporting,Resolved,3.0,204,1879.0,2025-02-02 13:05:00
TCK-0000215,CUST-000557,2025-12-07 13:46:00,2025-12-09 10:57:00,High,Integration,Closed,4.0,321,2711.0,2025-12-25 02:09:00
TCK-0000216,CUST-000165,2025-12-23 23:48:00,2025-12-24 23:22:00,Medium,Reporting,Closed,3.0,393,1414.0,2026-01-12 23:58:00
TCK-0000217,CUST-000046,2025-12-30 02:49:00,,Low,Integration,In Progress,,225,,2026-01-29 00:15:00
TCK-0000218,CUST-000770,2025-12-03 00:23:00,2025-12-03 16:58:00,Low,Data Sync,Closed,3.0,42,995.0,2025-12-04 03:05:00
TCK-0000219,CUST-000086,2025-08-15 10:00:00,2025-08-22 00:06:00,Medium,Integration,Closed,1.0,46,9486.0,2025-08-22 00:06:00
TCK-0000220,CUST-000386,2025-12-08 11:33:00,2025-12-09 16:37:00,Medium,Integration,Resolved,1.0,292,1744.0,2025-12-10 02:58:00
TCK-0000221,CUST-000215,2025-06-20 13:42:00,,Low,Reporting,Open,,22,,2025-07-18 06:59:00
TCK-0000222,CUST-000700,2025-06-22 18:58:00,2025-06-25 13:30:00,Medium,Performance,Closed,3.0,200,3992.0,2025-07-09 19:33:00
TCK-0000223,CUST-000439,2025-12-08 18:25:00,,Critical,Billing,In Progress,,16,,2025-12-17 05:27:00
TCK-0000224,CUST-001000,2025-07-13 22:06:00,2025-07-15 05:31:00,Low,Integration,Resolved,2.0,420,1885.0,2025-07-31 12:35:00
TCK-0000225,CUST-000438,2025-11-19 07:08:00,2025-11-23 01:21:00,Low,Reporting,Closed,4.0,393,5413.0,2025-11-27 01:55:00
TCK-0000226,CUST-000266,2025-08-17 12:21:00,2025-08-21 03:27:00,Medium,Data Sync,Resolved,3.0,299,5226.0,2025-08-26 19:37:00
TCK-0000227,CUST-000850,2024-12-30 15:00:00,2025-01-02 21:48:00,High,Integration,Resolved,2.0,425,4728.0,2025-01-03 10:28:00
TCK-0000228,CUST-000825,2025-05-17 05:47:00,,Low,Data Sync,In Progress,,134,,2025-06-12 09:10:00
TCK-0000229,CUST-000780,2024-09-17 13:11:00,,High,Product Question,Open,,447,,2024-10-05 23:21:00
TCK-0000230,CUST-000457,2025-12-28 08:21:00,2026-01-03 11:15:00,Low,Performance,Resolved,1.0,367,8814.0,2026-01-15 12:03:00
TCK-0000231,CUST-000635,2025-03-15 08:52:00,2025-03-18 01:52:00,Low,Product Question,Resolved,1.0,429,3900.0,2025-03-25 02:23:00
TCK-0000232,CUST-000275,2025-11-22 09:42:00,2025-11-23 08:46:00,Low,Login,Closed,4.0,192,1384.0,2025-12-11 16:56:00
TCK-0000233,CUST-000032,2024-12-23 11:56:00,2024-12-26 09:29:00,High,Product Question,Resolved,4.0,121,4173.0,2025-01-18 04:41:00
TCK-0000234,CUST-000090,2025-05-02 19:01:00,2025-05-08 01:36:00,Low,Billing,Resolved,5.0,374,7595.0,2025-05-21 00:18:00
TCK-0000235,CUST-000552,2025-12-26 01:43:00,,Low,Login,In Progress,,228,,2026-01-20 12:55:00
TCK-0000236,CUST-000238,2025-01-14 22:25:00,2025-01-15 12:07:00,Medium,Login,Closed,5.0,58,822.0,2025-01-27 01:25:00
TCK-0000237,CUST-000985,2025-11-07 05:03:00,2025-11-09 02:42:00,High,Data Sync,Resolved,4.0,474,2739.0,2025-11-30 12:18:00
TCK-0000238,CUST-000064,2025-09-04 11:01:00,,Low,Reporting,In Progress,,178,,2025-09-06 12:38:00
TCK-0000239,CUST-000499,2025-10-24 17:45:00,2025-10-27 08:40:00,Critical,Product Question,Resolved,3.0,97,3775.0,2025-11-17 07:25:00
TCK-0000240,CUST-000562,2025-09-11 23:00:00,2025-09-17 03:15:00,High,Billing,Closed,3.0,274,7455.0,2025-09-28 21:14:00
TCK-0000241,CUST-000552,2025-08-21 00:49:00,2025-08-26 18:18:00,Low,Performance,Closed,1.0,227,8249.0,2025-08-29 07:58:00
TCK-0000242,CUST-000509,2025-01-22 16:37:00,,Low,Login,In Progress,,64,,2025-02-16 10:30:00
TCK-0000243,CUST-000048,2025-12-17 13:14:00,2025-12-24 13:38:00,Low,Performance,Resolved,4.0,204,10104.0,2026-01-04 15:06:00
TCK-0000244,CUST-000666,2025-05-12 11:05:00,,Medium,Login,Open,,244,,2025-06-08 15:29:00
TCK-0000245,CUST-000263,2024-11-03 10:19:00,2024-11-05 21:03:00,Low,Performance,Closed,3.0,174,3524.0,2024-11-24 14:45:00
TCK-0000246,CUST-000261,2024-11-28 02:34:00,2024-12-02 16:11:00,Medium,Reporting,Resolved,5.0,423,6577.0,2024-12-02 16:11:00
TCK-0000247,CUST-000606,2025-11-09 02:40:00,,High,Integration,In Progress,,302,,2025-12-08 13:17:00
TCK-0000248,CUST-000784,2025-12-06 12:07:00,2025-12-06 14:22:00,Medium,Integration,Resolved,1.0,35,135.0,2025-12-28 12:09:00
TCK-0000249,CUST-000865,2025-11-14 18:23:00,2025-11-18 17:07:00,Low,Reporting,Closed,4.0,262,5684.0,2025-12-10 07:25:00
TCK-0000250,CUST-000857,2025-04-05 09:24:00,2025-04-08 03:33:00,Low,Performance,Closed,5.0,212,3969.0,2025-04-11 16:36:00
TCK-0000251,CUST-000762,2025-10-27 17:12:00,2025-10-29 04:48:00,Medium,Reporting,Closed,5.0,437,2136.0,2025-11-16 18:56:00
TCK-0000252,CUST-000429,2025-07-25 03:05:00,2025-08-01 06:30:00,Medium,Login,Closed,4.0,382,10285.0,2025-08-01 06:30:00
TCK-0000253,CUST-000837,2025-12-19 14:34:00,2025-12-23 00:03:00,Low,Reporting,Closed,3.0,164,4889.0,2026-01-07 22:28:00
TCK-0000254,CUST-000906,2025-12-22 21:12:00,2025-12-25 12:01:00,Medium,Product Question,Resolved,4.0,61,3769.0,2025-12-25 12:01:00
TCK-0000255,CUST-000792,2025-08-07 00:12:00,,Low,Integration,Open,,320,,2025-08-08 22:07:00
TCK-0000256,CUST-000004,2025-12-18 02:52:00,,Low,Login,In Progress,,29,,2026-01-16 07:04:00
TCK-0000257,CUST-000626,2025-03-10 16:45:00,2025-03-12 12:13:00,Medium,Integration,Closed,5.0,110,2608.0,2025-03-14 06:55:00
TCK-0000258,CUST-000916,2025-06-24 22:28:00,2025-06-28 17:24:00,Medium,Product Question,Closed,5.0,234,5456.0,2025-07-17 09:04:00
TCK-0000259,CUST-000532,2025-08-22 15:27:00,2025-08-28 08:36:00,Low,Login,Closed,3.0,441,8229.0,2025-09-12 10:30:00
TCK-0000260,CUST-000082,2025-06-23 00:35:00,2025-06-25 12:56:00,Medium,Login,Closed,2.0,454,3621.0,2025-07-03 04:27:00
TCK-0000261,CUST-000359,2025-05-22 03:33:00,2025-05-24 00:08:00,Low,Integration,Resolved,2.0,41,2675.0,2025-05-24 00:08:00
TCK-0000262,CUST-000700,2024-07-29 04:32:00,2024-07-29 20:03:00,Low,Reporting,Closed,2.0,317,931.0,2024-08-23 20:20:00
TCK-0000263,CUST-000809,2025-09-14 02:25:00,2025-09-18 04:37:00,Medium,Reporting,Resolved,2.0,191,5892.0,2025-10-02 06:13:00
TCK-0000264,CUST-000619,2025-11-28 17:07:00,2025-12-05 02:20:00,Medium,Reporting,Closed,3.0,413,9193.0,2025-12-05 02:20:00
TCK-0000265,CUST-000435,2025-04-08 06:26:00,2025-04-09 01:57:00,Medium,Product Question,Resolved,3.0,426,1171.0,2025-04-25 04:24:00
TCK-0000266,CUST-000515,2025-10-05 22:54:00,,Low,Performance,In Progress,,450,,2025-10-16 04:15:00
TCK-0000267,CUST-000541,2025-06-06 04:03:00,2025-06-07 04:38:00,Low,Product Question,Closed,4.0,348,1475.0,2025-06-24 10:05:00
TCK-0000268,CUST-000990,2025-01-11 01:26:00,,Critical,Login,In Progress,,248,,2025-01-12 13:00:00
TCK-0000269,CUST-000999,2025-02-18 19:43:00,2025-02-20 02:34:00,Low,Reporting,Resolved,5.0,51,1851.0,2025-02-26 01:22:00
TCK-0000270,CUST-000447,2025-11-19 06:02:00,2025-11-23 14:43:00,Low,Integration,Closed,1.0,39,6281.0,2025-12-02 08:25:00
TCK-0000271,CUST-000283,2025-10-16 18:16:00,2025-10-23 21:44:00,Medium,Performance,Closed,2.0,227,10288.0,2025-11-13 04:38:00
TCK-0000272,CUST-000230,2025-12-20 14:19:00,2025-12-21 09:27:00,Low,Integration,Closed,1.0,53,1148.0,2025-12-28 05:20:00
TCK-0000273,CUST-000424,2025-10-27 17:58:00,2025-10-31 14:44:00,Medium,Reporting,Resolved,4.0,257,5566.0,2025-11-02 06:53:00
TCK-0000274,CUST-000161,2025-10-16 22:37:00,2025-10-20 07:04:00,Medium,Reporting,Resolved,5.0,344,4827.0,2025-11-15 15:10:00
TCK-0000275,CUST-000082,2025-01-10 02:54:00,2025-01-10 13:29:00,Medium,Integration,Closed,5.0,270,635.0,2025-01-25 06:53:00
TCK-0000276,CUST-000319,2025-10-19 10:13:00,2025-10-21 12:20:00,Low,Product Question,Closed,4.0,318,3007.0,2025-10-25 02:44:00
TCK-0000277,CUST-000337,2025-11-12 02:43:00,,Medium,Reporting,In Progress,,349,,2025-11-13 22:24:00
TCK-0000278,CUST-000748,2025-12-13 13:56:00,,Medium,Data Sync,In Progress,,113,,2025-12-18 17:10:00
TCK-0000279,CUST-000896,2025-06-01 21:54:00,2025-06-07 03:02:00,Low,Product Question,Resolved,2.0,222,7508.0,2025-06-11 14:47:00
TCK-0000280,CUST-000331,2024-12-31 08:31:00,2025-01-02 02:38:00,Low,Product Question,Closed,4.0,364,2527.0,2025-01-02 02:38:00
TCK-0000281,CUST-000270,2025-12-30 12:10:00,2026-01-03 20:08:00,Low,Product Question,Closed,1.0,273,6238.0,2026-01-03 20:08:00
TCK-0000282,CUST-000388,2025-12-28 03:01:00,2025-12-31 07:59:00,Medium,Login,Resolved,1.0,119,4618.0,2026-01-12 06:09:00
TCK-0000283,CUST-000837,2025-12-19 02:52:00,2025-12-21 15:33:00,Medium,Performance,Closed,4.0,177,3641.0,2026-01-13 18:28:00
TCK-0000284,CUST-000318,2025-07-22 00:31:00,,Medium,Integration,Open,,271,,2025-07-24 09:32:00
TCK-0000285,CUST-000537,2025-10-10 08:54:00,2025-10-11 12:44:00,Low,Integration,Resolved,1.0,60,1670.0,2025-11-01 06:04:00
TCK-0000286,CUST-000461,2025-04-28 16:08:00,2025-04-29 10:07:00,Critical,Data Sync,Closed,3.0,181,1079.0,2025-05-21 13:32:00
TCK-0000287,CUST-000543,2025-12-27 00:02:00,,Medium,Billing,Open,,226,,2026-01-22 23:35:00
TCK-0000288,CUST-000501,2025-10-20 21:03:00,2025-10-26 07:54:00,Low,Performance,Resolved,4.0,338,7851.0,2025-11-02 10:00:00
TCK-0000289,CUST-000983,2025-10-03 14:52:00,,Low,Reporting,Open,,235,,2025-10-27 01:57:00
TCK-0000290,CUST-000137,2025-02-03 03:56:00,2025-02-07 21:23:00,High,Reporting,Resolved,3.0,329,6807.0,2025-03-04 23:24:00
TCK-0000291,CUST-000468,2025-11-15 11:40:00,,Low,Login,In Progress,,410,,2025-12-05 03:25:00
TCK-0000292,CUST-000652,2025-11-21 13:58:00,,Low,Performance,Open,,396,,2025-11-23 16:29:00
TCK-0000293,CUST-000305,2025-12-06 21:29:00,,Medium,Reporting,In Progress,,130,,2025-12-18 11:22:00
TCK-0000294,CUST-000494,2025-05-15 17:47:00,,High,Login,In Progress,,138,,2025-05-29 00:58:00
TCK-0000295,CUST-000645,2025-11-07 20:15:00,2025-11-10 00:51:00,Medium,Data Sync,Resolved,5.0,474,3156.0,2025-11-28 15:06:00
TCK-0000296,CUST-000800,2025-09-27 07:10:00,,Low,Data Sync,Open,,195,,2025-10-26 10:02:00
TCK-0000297,CUST-000502,2024-04-30 01:11:00,2024-05-06 22:56:00,Medium,Product Question,Closed,3.0,66,9945.0,2024-05-06 22:56:00
TCK-0000298,CUST-000714,2025-11-15 09:12:00,2025-11-15 16:08:00,Low,Integration,Closed,1.0,112,416.0,2025-11-28 07:01:00
TCK-0000299,CUST-000475,2024-12-18 21:13:00,2024-12-22 18:10:00,High,Reporting,Closed,1.0,102,5577.0,2025-01-12 11:13:00
TCK-0000300,CUST-000431,2025-07-24 22:10:00,2025-07-30 14:23:00,High,Performance,Closed,4.0,255,8173.0,2025-08-04 08:09:00
TCK-0000301,CUST-000893,2025-12-16 11:11:00,2025-12-21 07:15:00,High,Product Question,Closed,5.0,336,6964.0,2026-01-13 07:18:00
TCK-0000302,CUST-000377,2025-12-25 08:03:00,2025-12-29 14:13:00,Low,Reporting,Resolved,3.0,26,6130.0,2025-12-29 14:13:00
TCK-0000303,CUST-000738,2025-10-13 14:22:00,2025-10-16 18:34:00,High,Performance,Closed,5.0,336,4572.0,2025-10-23 16:25:00
TCK-0000304,CUST-000217,2025-01-21 06:26:00,2025-01-22 22:22:00,Medium,Billing,Closed,3.0,429,2396.0,2025-02-08 10:22:00
TCK-0000305,CUST-000418,2025-05-08 03:11:00,2025-05-09 08:40:00,Low,Login,Closed,1.0,165,1769.0,2025-05-26 20:07:00
TCK-0000306,CUST-000170,2025-12-19 02:07:00,2025-12-23 03:17:00,Medium,Data Sync,Resolved,4.0,166,5830.0,2025-12-28 11:40:00
TCK-0000307,CUST-000182,2025-09-17 23:20:00,2025-09-22 17:25:00,High,Billing,Closed,4.0,418,6845.0,2025-10-12 19:52:00
TCK-0000308,CUST-000317,2025-06-22 14:31:00,2025-06-27 13:55:00,Low,Integration,Closed,1.0,160,7164.0,2025-07-09 18:15:00
TCK-0000309,CUST-000073,2025-03-27 18:24:00,2025-03-31 07:51:00,Medium,Product Question,Resolved,5.0,385,5127.0,2025-04-10 23:48:00
TCK-0000310,CUST-000622,2024-12-12 11:13:00,2024-12-15 08:04:00,Low,Reporting,Closed,4.0,200,4131.0,2025-01-09 02:30:00
TCK-0000311,CUST-000248,2025-10-27 07:21:00,2025-11-02 06:32:00,Medium,Reporting,Resolved,3.0,59,8591.0,2025-11-08 23:53:00
TCK-0000312,CUST-000639,2025-03-02 23:01:00,2025-03-08 16:17:00,Medium,Integration,Closed,5.0,160,8236.0,2025-03-20 05:07:00
TCK-0000313,CUST-000977,2025-09-14 23:20:00,2025-09-16 06:34:00,Low,Integration,Closed,4.0,468,1874.0,2025-10-05 09:59:00
TCK-0000314,CUST-000928,2025-07-27 14:13:00,2025-08-03 12:12:00,Low,Data Sync,Closed,1.0,318,9959.0,2025-08-03 12:12:00
TCK-0000315,CUST-000116,2025-06-08 22:05:00,,Medium,Reporting,Open,,344,,2025-06-13 23:43:00
TCK-0000316,CUST-000616,2025-06-23 05:40:00,2025-06-28 18:03:00,Low,Billing,Resolved,2.0,449,7943.0,2025-07-08 01:08:00
TCK-0000317,CUST-000998,2024-11-26 02:45:00,2024-12-01 13:33:00,Medium,Integration,Resolved,5.0,208,7848.0,2024-12-10 18:40:00
TCK-0000318,CUST-000698,2025-04-21 01:23:00,2025-04-21 06:21:00,High,Product Question,Closed,5.0,247,298.0,2025-05-12 06:25:00
TCK-0000319,CUST-000635,2025-11-23 08:25:00,2025-11-27 01:22:00,High,Login,Closed,4.0,358,5337.0,2025-12-10 18:31:00
TCK-0000320,CUST-000801,2025-12-03 21:35:00,2025-12-06 13:51:00,Medium,Data Sync,Resolved,1.0,389,3856.0,2025-12-21 20:34:00
TCK-0000321,CUST-000492,2025-11-14 02:06:00,2025-11-14 07:47:00,Low,Billing,Resolved,5.0,197,341.0,2025-12-04 00:44:00
TCK-0000322,CUST-000704,2025-10-17 17:54:00,2025-10-24 05:57:00,Low,Reporting,Closed,2.0,160,9363.0,2025-10-24 05:57:00
TCK-0000323,CUST-000849,2025-01-29 04:40:00,,Low,Performance,Open,,167,,2025-02-13 01:20:00
TCK-0000324,CUST-000587,2025-08-11 14:20:00,,High,Performance,In Progress,,202,,2025-08-24 09:13:00
TCK-0000325,CUST-000303,2025-03-06 20:12:00,2025-03-07 11:02:00,Medium,Product Question,Closed,3.0,32,890.0,2025-03-27 18:40:00
TCK-0000326,CUST-000767,2025-12-10 10:50:00,2025-12-12 02:23:00,Medium,Login,Closed,2.0,433,2373.0,2025-12-26 09:14:00
TCK-0000327,CUST-000055,2025-11-22 13:38:00,,High,Login,In Progress,,219,,2025-12-06 20:46:00
TCK-0000328,CUST-000676,2025-10-22 00:59:00,2025-10-23 02:06:00,Medium,Data Sync,Resolved,2.0,30,1507.0,2025-11-02 14:47:00
TCK-0000329,CUST-000178,2025-10-06 22:35:00,2025-10-08 02:01:00,Medium,Login,Closed,1.0,474,1646.0,2025-11-02 01:20:00
TCK-0000330,CUST-000016,2025-09-20 13:51:00,,Low,Login,Open,,245,,2025-10-18 06:56:00
TCK-0000331,CUST-000801,2025-10-21 13:00:00,2025-10-22 00:43:00,Low,Login,Resolved,3.0,445,703.0,2025-11-12 11:01:00
TCK-0000332,CUST-000801,2025-09-18 03:00:00,2025-09-20 02:57:00,Medium,Billing,Resolved,5.0,399,2877.0,2025-10-17 16:11:00
TCK-0000333,CUST-000581,2025-12-24 02:50:00,2025-12-26 04:42:00,Low,Billing,Resolved,3.0,401,2992.0,2025-12-26 04:42:00
TCK-0000334,CUST-000018,2025-07-17 18:11:00,2025-07-21 04:13:00,Low,Data Sync,Closed,1.0,293,4922.0,2025-08-09 14:01:00
TCK-0000335,CUST-000470,2025-11-17 23:20:00,2025-11-23 12:13:00,Critical,Performance,Closed,1.0,307,7973.0,2025-12-03 12:11:00
TCK-0000336,CUST-000446,2025-12-11 21:24:00,2025-12-15 11:02:00,Medium,Billing,Closed,2.0,53,5138.0,2026-01-08 12:50:00
TCK-0000337,CUST-000759,2025-10-10 10:18:00,2025-10-11 06:11:00,High,Integration,Closed,2.0,42,1193.0,2025-10-20 16:37:00
TCK-0000338,CUST-000863,2025-10-25 22:11:00,2025-11-01 16:27:00,Low,Data Sync,Closed,2.0,33,9736.0,2025-11-23 01:18:00
TCK-0000339,CUST-000481,2025-10-25 16:43:00,2025-10-31 11:00:00,High,Product Question,Closed,3.0,279,8297.0,2025-11-01 05:32:00
TCK-0000340,CUST-000697,2025-06-19 01:22:00,2025-06-23 21:23:00,Medium,Integration,Closed,5.0,423,6961.0,2025-06-29 12:23:00
TCK-0000341,CUST-000472,2025-09-21 13:15:00,2025-09-26 18:52:00,Low,Product Question,Resolved,1.0,200,7537.0,2025-10-04 02:04:00
TCK-0000342,CUST-000920,2025-02-19 10:21:00,,High,Billing,Open,,197,,2025-03-01 15:59:00
TCK-0000343,CUST-000917,2025-10-20 16:45:00,2025-10-26 12:55:00,Low,Billing,Resolved,2.0,308,8410.0,2025-10-30 02:00:00
TCK-0000344,CUST-000730,2025-02-23 14:28:00,2025-02-25 05:40:00,High,Product Question,Closed,5.0,225,2352.0,2025-02-25 05:40:00
TCK-0000345,CUST-000572,2025-12-30 09:17:00,2026-01-03 13:45:00,Medium,Reporting,Closed,4.0,387,6028.0,2026-01-07 22:54:00
TCK-0000346,CUST-000500,2025-12-06 10:49:00,2025-12-12 13:00:00,Medium,Data Sync,Resolved,3.0,90,8771.0,2025-12-12 22:26:00
TCK-0000347,CUST-000650,2025-11-15 02:41:00,,High,Product Question,In Progress,,386,,2025-11-23 17:34:00
TCK-0000348,CUST-000361,2025-05-18 15:50:00,,Low,Data Sync,In Progress,,228,,2025-05-23 06:59:00
TCK-0000349,CUST-000636,2024-09-26 12:33:00,2024-09-29 10:24:00,Medium,Billing,Resolved,5.0,76,4191.0,2024-10-23 13:20:00
TCK-0000350,CUST-000022,2025-09-14 12:12:00,2025-09-16 14:20:00,Medium,Reporting,Closed,4.0,202,3008.0,2025-09-19 12:58:00
TCK-0000351,CUST-000276,2025-12-21 21:47:00,2025-12-25 12:36:00,Low,Billing,Closed,5.0,353,5209.0,2025-12-25 12:36:00
TCK-0000352,CUST-000721,2025-06-08 02:35:00,2025-06-15 05:13:00,Low,Data Sync,Closed,3.0,376,10238.0,2025-06-15 05:13:00
TCK-0000353,CUST-000999,2025-05-22 07:10:00,2025-05-24 22:44:00,Low,Reporting,Closed,2.0,384,3814.0,2025-05-24 22:44:00
TCK-0000354,CUST-000192,2024-12-29 03:41:00,2025-01-01 15:54:00,Low,Billing,Closed,2.0,49,5053.0,2025-01-08 06:17:00
TCK-0000355,CUST-000041,2025-09-10 10:57:00,2025-09-17 05:27:00,Medium,Performance,Closed,4.0,100,9750.0,2025-10-02 09:57:00
TCK-0000356,CUST-000352,2025-09-27 15:23:00,2025-09-30 09:27:00,Critical,Performance,Resolved,5.0,307,3964.0,2025-10-17 03:02:00
TCK-0000357,CUST-000319,2025-10-08 09:46:00,2025-10-15 16:41:00,Medium,Billing,Closed,3.0,421,10495.0,2025-10-27 23:21:00
TCK-0000358,CUST-000996,2025-09-12 19:12:00,2025-09-17 16:48:00,Medium,Login,Resolved,2.0,466,7056.0,2025-10-08 17:02:00
TCK-0000359,CUST-000345,2025-10-02 01:23:00,2025-10-02 07:59:00,Medium,Data Sync,Closed,4.0,77,396.0,2025-10-04 10:16:00
TCK-0000360,CUST-000923,2025-08-22 00:23:00,,Low,Product Question,Open,,142,,2025-08-27 11:29:00
TCK-0000361,CUST-000980,2025-04-20 23:56:00,2025-04-23 13:48:00,Medium,Billing,Closed,3.0,400,3712.0,2025-05-15 12:00:00
TCK-0000362,CUST-000008,2024-10-14 08:12:00,2024-10-17 18:27:00,High,Integration,Closed,5.0,349,4935.0,2024-11-02 19:50:00
TCK-0000363,CUST-000600,2025-08-13 23:13:00,2025-08-14 23:39:00,Low,Product Question,Resolved,2.0,167,1466.0,2025-09-11 14:38:00
TCK-0000364,CUST-000273,2025-05-27 05:20:00,2025-06-02 02:41:00,Low,Login,Resolved,3.0,50,8481.0,2025-06-11 16:26:00
TCK-0000365,CUST-000375,2025-07-11 12:13:00,2025-07-13 12:14:00,Medium,Reporting,Closed,2.0,36,2881.0,2025-07-24 04:27:00
TCK-0000366,CUST-000428,2025-06-26 22:41:00,,Medium,Login,Open,,234,,2025-07-16 08:36:00
TCK-0000367,CUST-000320,2025-10-26 01:55:00,2025-10-26 11:51:00,Low,Login,Resolved,1.0,55,596.0,2025-10-31 21:09:00
TCK-0000368,CUST-000174,2025-08-09 07:55:00,2025-08-15 11:14:00,Low,Performance,Closed,1.0,176,8839.0,2025-08-15 11:14:00
TCK-0000369,CUST-000089,2025-12-27 14:41:00,2026-01-01 18:00:00,Low,Billing,Resolved,2.0,121,7399.0,2026-01-07 03:58:00
TCK-0000370,CUST-000150,2025-09-18 10:47:00,2025-09-25 07:58:00,Low,Billing,Resolved,5.0,346,9911.0,2025-10-13 17:13:00
TCK-0000371,CUST-000033,2025-05-17 09:10:00,2025-05-22 02:58:00,Low,Reporting,Closed,1.0,328,6828.0,2025-05-26 11:23:00
TCK-0000372,CUST-000404,2025-08-24 17:33:00,,Medium,Reporting,Open,,459,,2025-09-05 11:02:00
TCK-0000373,CUST-000158,2025-07-01 07:18:00,,High,Integration,Open,,154,,2025-07-12 17:55:00
TCK-0000374,CUST-000190,2025-08-14 02:48:00,2025-08-19 08:41:00,Medium,Billing,Resolved,3.0,367,7553.0,2025-09-06 15:15:00
TCK-0000375,CUST-000461,2025-01-22 12:15:00,2025-01-29 08:59:00,Low,Reporting,Closed,4.0,26,9884.0,2025-01-29 08:59:00
TCK-0000376,CUST-000589,2025-12-30 06:51:00,2025-12-30 22:24:00,Low,Data Sync,Resolved,4.0,95,933.0,2026-01-09 12:49:00
TCK-0000377,CUST-000289,2025-12-05 01:51:00,2025-12-08 18:11:00,Critical,Reporting,Closed,3.0,353,5300.0,2026-01-02 20:26:00
TCK-0000378,CUST-000479,2025-04-04 21:35:00,,Low,Login,In Progress,,393,,2025-05-03 18:19:00
TCK-0000379,CUST-000985,2025-08-19 02:13:00,,High,Performance,In Progress,,309,,2025-08-22 13:16:00
TCK-0000380,CUST-000884,2024-06-23 15:29:00,2024-06-30 11:42:00,Medium,Performance,Closed,3.0,19,9853.0,2024-07-13 20:04:00
TCK-0000381,CUST-000279,2024-12-08 11:09:00,2024-12-12 18:13:00,Low,Product Question,Resolved,5.0,20,6184.0,2025-01-01 07:14:00
TCK-0000382,CUST-000702,2025-11-23 11:49:00,2025-11-27 00:55:00,Low,Data Sync,Resolved,4.0,329,5106.0,2025-12-21 08:10:00
TCK-0000383,CUST-000835,2025-12-13 16:30:00,2025-12-14 07:57:00,Medium,Data Sync,Resolved,4.0,32,927.0,2025-12-27 15:10:00
TCK-0000384,CUST-000559,2024-02-07 15:25:00,,Low,Integration,Open,,27,,2024-02-20 01:38:00
TCK-0000385,CUST-000853,2024-06-21 05:46:00,2024-06-28 05:42:00,High,Login,Resolved,2.0,389,10076.0,2024-07-17 10:18:00
TCK-0000386,CUST-000325,2025-11-06 15:15:00,2025-11-11 19:34:00,Low,Data Sync,Resolved,3.0,403,7459.0,2025-11-15 12:58:00
TCK-0000387,CUST-000216,2025-01-17 05:22:00,2025-01-22 10:26:00,Low,Billing,Closed,2.0,189,7504.0,2025-02-08 19:59:00
TCK-0000388,CUST-000427,2025-09-07 05:54:00,2025-09-09 01:02:00,Low,Reporting,Closed,2.0,428,2588.0,2025-09-20 20:29:00
TCK-0000389,CUST-000227,2025-12-11 22:13:00,,Medium,Reporting,Open,,93,,2025-12-29 08:03:00
TCK-0000390,CUST-000603,2025-08-20 22:46:00,2025-08-22 00:10:00,Critical,Product Question,Resolved,1.0,313,1524.0,2025-08-25 06:16:00
TCK-0000391,CUST-000713,2025-11-21 06:02:00,2025-11-26 19:48:00,High,Integration,Resolved,3.0,288,8026.0,2025-12-09 00:27:00
TCK-0000392,CUST-000895,2024-12-04 08:09:00,2024-12-10 22:05:00,Medium,Product Question,Closed,4.0,120,9476.0,2024-12-10 23:32:00
TCK-0000393,CUST-000963,2025-12-14 11:40:00,2025-12-17 13:54:00,Medium,Billing,Closed,1.0,373,4454.0,2025-12-26 02:47:00
TCK-0000394,CUST-000492,2024-09-01 09:57:00,2024-09-01 23:23:00,High,Integration,Closed,1.0,99,806.0,2024-09-12 17:59:00
TCK-0000395,CUST-000531,2025-12-27 07:11:00,2026-01-02 23:39:00,Medium,Login,Resolved,3.0,338,9628.0,2026-01-09 04:00:00
TCK-0000396,CUST-000009,2025-08-28 02:40:00,2025-09-02 01:28:00,Low,Data Sync,Resolved,3.0,109,7128.0,2025-09-07 06:46:00
TCK-0000397,CUST-000377,2025-11-13 20:14:00,,High,Reporting,In Progress,,98,,2025-12-13 00:46:00
TCK-0000398,CUST-000290,2025-02-15 12:35:00,2025-02-17 18:06:00,Medium,Reporting,Closed,1.0,152,3211.0,2025-02-17 18:06:00
TCK-0000399,CUST-000031,2025-04-13 06:00:00,2025-04-15 11:34:00,Medium,Performance,Closed,2.0,191,3214.0,2025-05-01 04:19:00
TCK-0000400,CUST-000049,2025-08-22 14:30:00,2025-08-22 20:49:00,Low,Integration,Closed,1.0,243,379.0,2025-08-29 00:56:00
TCK-0000401,CUST-000790,2025-10-01 02:14:00,,High,Login,Open,,128,,2025-10-10 05:36:00
TCK-0000402,CUST-000115,2025-09-20 12:04:00,2025-09-22 05:03:00,High,Data Sync,Resolved,3.0,30,2459.0,2025-10-09 00:24:00
TCK-0000403,CUST-000256,2025-10-03 17:38:00,2025-10-05 00:29:00,High,Reporting,Closed,3.0,108,1851.0,2025-10-05 10:14:00
TCK-0000404,CUST-000625,2025-12-28 18:11:00,2026-01-03 19:46:00,Low,Login,Closed,2.0,373,8735.0,2026-01-24 16:05:00
TCK-0000405,CUST-000200,2025-07-03 15:40:00,,Low,Data Sync,In Progress,,116,,2025-07-25 04:48:00
TCK-0000406,CUST-000577,2024-08-25 08:05:00,2024-08-25 16:01:00,Low,Login,Resolved,3.0,242,476.0,2024-08-31 07:32:00
TCK-0000407,CUST-000213,2025-05-06 23:26:00,2025-05-10 11:08:00,Low,Data Sync,Closed,5.0,254,5022.0,2025-06-02 21:33:00
TCK-0000408,CUST-000365,2025-09-06 14:18:00,2025-09-08 06:56:00,Low,Data Sync,Closed,1.0,270,2438.0,2025-09-12 22:50:00
TCK-0000409,CUST-000672,2025-11-19 17:01:00,2025-11-24 19:07:00,Medium,Integration,Resolved,3.0,106,7326.0,2025-12-12 17:40:00
TCK-0000410,CUST-000819,2024-08-20 05:11:00,2024-08-25 14:23:00,Critical,Login,Resolved,5.0,312,7752.0,2024-09-11 13:46:00
TCK-0000411,CUST-000412,2025-02-26 03:28:00,2025-03-01 04:11:00,Low,Integration,Closed,5.0,147,4363.0,2025-03-14 17:42:00
TCK-0000412,CUST-000595,2025-08-28 22:35:00,2025-09-04 21:04:00,Low,Login,Closed,1.0,80,9989.0,2025-09-17 01:56:00
TCK-0000413,CUST-000809,2025-08-05 20:18:00,2025-08-11 06:34:00,Low,Performance,Resolved,2.0,5,7816.0,2025-08-20 15:49:00
TCK-0000414,CUST-000809,2025-12-22 17:51:00,2025-12-27 14:28:00,Medium,Billing,Closed,1.0,291,6997.0,2026-01-18 07:52:00
TCK-0000415,CUST-000092,2025-08-06 05:04:00,2025-08-08 22:02:00,Medium,Performance,Closed,4.0,66,3898.0,2025-08-08 22:02:00
TCK-0000416,CUST-000051,2025-01-22 05:56:00,,Medium,Login,Open,,196,,2025-01-26 14:46:00
TCK-0000417,CUST-000687,2024-10-28 11:39:00,2024-10-30 18:31:00,High,Billing,Closed,3.0,88,3292.0,2024-11-20 22:12:00
TCK-0000418,CUST-000488,2025-10-24 02:11:00,2025-10-26 23:43:00,Low,Performance,Closed,5.0,227,4172.0,2025-11-20 03:47:00
TCK-0000419,CUST-000869,2025-10-22 11:16:00,2025-10-27 03:17:00,Medium,Billing,Closed,1.0,387,6721.0,2025-11-07 00:25:00
TCK-0000420,CUST-000595,2025-10-20 04:00:00,2025-10-25 11:56:00,Medium,Product Question,Closed,1.0,290,7676.0,2025-10-28 12:22:00
TCK-0000421,CUST-000853,2025-10-20 17:15:00,2025-10-24 23:20:00,High,Integration,Resolved,5.0,332,6125.0,2025-11-08 00:13:00
TCK-0000422,CUST-000773,2024-12-22 03:35:00,2024-12-23 17:47:00,Low,Data Sync,Closed,1.0,120,2292.0,2024-12-30 10:07:00
TCK-0000423,CUST-000169,2025-11-16 00:53:00,2025-11-19 21:46:00,Low,Performance,Closed,5.0,136,5573.0,2025-11-24 18:08:00
TCK-0000424,CUST-000882,2024-08-17 16:58:00,2024-08-18 07:58:00,Medium,Integration,Resolved,3.0,45,900.0,2024-08-30 07:53:00
TCK-0000425,CUST-000599,2025-12-22 14:36:00,2025-12-24 21:58:00,Medium,Billing,Closed,4.0,382,3322.0,2025-12-25 21:33:00
TCK-0000426,CUST-000095,2025-12-13 00:13:00,2025-12-18 01:33:00,Low,Product Question,Closed,3.0,201,7280.0,2026-01-10 21:06:00
TCK-0000427,CUST-000955,2025-09-17 15:50:00,2025-09-18 01:13:00,Medium,Product Question,Closed,4.0,464,563.0,2025-10-04 22:11:00
TCK-0000428,CUST-000232,2025-08-24 06:17:00,2025-08-30 16:02:00,Low,Login,Resolved,2.0,77,9225.0,2025-08-30 16:02:00
TCK-0000429,CUST-000799,2025-12-09 23:53:00,2025-12-15 12:24:00,Low,Integration,Resolved,1.0,420,7951.0,2025-12-15 12:24:00
TCK-0000430,CUST-000378,2025-07-07 09:38:00,2025-07-13 12:55:00,High,Product Question,Closed,1.0,42,8837.0,2025-07-26 00:47:00
TCK-0000431,CUST-000862,2025-11-21 04:14:00,,Low,Product Question,Open,,217,,2025-11-21 07:00:00
TCK-0000432,CUST-000098,2025-11-05 00:40:00,2025-11-07 22:07:00,Low,Performance,Closed,5.0,349,4167.0,2025-11-30 12:39:00
TCK-0000433,CUST-000929,2024-12-09 02:44:00,,Low,Product Question,Open,,311,,2024-12-30 09:40:00
TCK-0000434,CUST-000500,2025-11-20 06:02:00,2025-11-27 00:39:00,Medium,Billing,Closed,1.0,296,9757.0,2025-12-18 14:48:00
TCK-0000435,CUST-000113,2025-11-30 09:04:00,2025-12-02 11:29:00,Medium,Integration,Closed,2.0,366,3025.0,2025-12-16 02:25:00
TCK-0000436,CUST-000452,2025-11-08 18:45:00,2025-11-09 10:07:00,Low,Performance,Closed,4.0,80,922.0,2025-12-01 21:04:00
TCK-0000437,CUST-000185,2025-11-16 10:32:00,2025-11-17 10:06:00,Medium,Reporting,Resolved,2.0,152,1414.0,2025-12-13 23:54:00
TCK-0000438,CUST-000524,2025-05-09 20:27:00,2025-05-10 11:49:00,Low,Data Sync,Closed,5.0,238,922.0,2025-05-11 18:21:00
TCK-0000439,CUST-000796,2025-12-08 08:30:00,2025-12-08 21:18:00,Medium,Billing,Resolved,1.0,249,768.0,2025-12-20 14:55:00
TCK-0000440,CUST-000114,2025-12-07 11:10:00,2025-12-11 14:10:00,Low,Reporting,Closed,1.0,439,5940.0,2026-01-01 02:43:00
TCK-0000441,CUST-000794,2025-03-18 21:51:00,2025-03-21 09:35:00,Medium,Billing,Resolved,4.0,411,3584.0,2025-03-22 13:23:00
TCK-0000442,CUST-000813,2024-07-29 17:07:00,2024-08-03 20:47:00,Low,Billing,Resolved,4.0,437,7420.0,2024-08-22 00:47:00
TCK-0000443,CUST-000102,2025-08-28 23:24:00,2025-08-29 23:49:00,Medium,Login,Resolved,1.0,128,1465.0,2025-09-19 08:50:00
TCK-0000444,CUST-000838,2025-12-10 20:15:00,,High,Login,Open,,215,,2026-01-08 05:30:00
TCK-0000445,CUST-000859,2025-10-20 01:37:00,2025-10-24 01:44:00,Medium,Product Question,Closed,2.0,373,5767.0,2025-11-02 01:27:00
TCK-0000446,CUST-000630,2025-06-23 01:57:00,2025-06-27 12:03:00,Medium,Data Sync,Closed,3.0,439,6366.0,2025-06-28 11:41:00
TCK-0000447,CUST-000309,2025-10-16 00:53:00,2025-10-23 01:48:00,Medium,Integration,Closed,4.0,189,10135.0,2025-10-27 20:59:00
TCK-0000448,CUST-000172,2025-12-29 19:25:00,2025-12-30 12:09:00,Medium,Performance,Closed,1.0,408,1004.0,2026-01-13 21:08:00
TCK-0000449,CUST-000925,2025-10-03 17:31:00,2025-10-06 20:54:00,Low,Integration,Resolved,5.0,116,4523.0,2025-10-23 16:38:00
TCK-0000450,CUST-000796,2025-12-18 20:06:00,2025-12-25 04:11:00,Low,Integration,Resolved,5.0,62,9125.0,2025-12-30 16:58:00
TCK-0000451,CUST-000062,2025-09-02 18:53:00,2025-09-07 19:19:00,Medium,Product Question,Resolved,2.0,313,7226.0,2025-09-17 11:41:00
TCK-0000452,CUST-000256,2025-12-29 17:10:00,2026-01-02 17:38:00,Low,Performance,Closed,5.0,137,5788.0,2026-01-19 12:19:00
TCK-0000453,CUST-000607,2025-10-29 02:01:00,2025-11-05 01:06:00,Medium,Login,Closed,3.0,252,10025.0,2025-11-07 21:06:00
TCK-0000454,CUST-000601,2025-09-29 09:48:00,2025-10-06 02:38:00,Low,Integration,Resolved,2.0,130,9650.0,2025-10-06 02:38:00
TCK-0000455,CUST-000985,2025-06-24 23:13:00,2025-06-28 22:56:00,Medium,Performance,Resolved,5.0,151,5743.0,2025-07-16 18:03:00
TCK-0000456,CUST-000684,2025-12-22 12:22:00,2025-12-26 14:39:00,Low,Integration,Resolved,2.0,23,5897.0,2025-12-26 14:39:00
TCK-0000457,CUST-000589,2025-12-30 01:02:00,2026-01-05 22:11:00,Medium,Data Sync,Closed,3.0,315,9909.0,2026-01-18 18:57:00
TCK-0000458,CUST-000334,2025-12-05 03:42:00,2025-12-11 06:36:00,Medium,Billing,Closed,3.0,265,8814.0,2025-12-14 15:14:00
TCK-0000459,CUST-000115,2025-11-19 09:26:00,2025-11-23 07:24:00,Low,Performance,Closed,2.0,197,5638.0,2025-12-17 05:08:00
TCK-0000460,CUST-000281,2025-10-17 18:01:00,2025-10-24 14:34:00,Medium,Performance,Resolved,5.0,295,9873.0,2025-11-08 09:56:00
TCK-0000461,CUST-000090,2025-05-03 19:14:00,2025-05-04 10:41:00,Low,Product Question,Closed,5.0,204,927.0,2025-05-23 04:29:00
TCK-0000462,CUST-000955,2025-01-23 17:14:00,2025-01-27 00:55:00,Medium,Integration,Closed,5.0,29,4781.0,2025-02-11 21:07:00
TCK-0000463,CUST-000573,2025-10-17 15:29:00,2025-10-23 11:02:00,High,Reporting,Closed,5.0,261,8373.0,2025-11-03 11:50:00
TCK-0000464,CUST-000419,2024-10-12 14:56:00,2024-10-15 03:30:00,Low,Product Question,Closed,2.0,289,3634.0,2024-10-21 13:30:00
TCK-0000465,CUST-000728,2025-02-14 13:32:00,,Low,Login,Open,,315,,2025-03-02 11:37:00
TCK-0000466,CUST-000641,2024-08-01 19:58:00,2024-08-04 04:18:00,Critical,Product Question,Closed,3.0,107,3380.0,2024-08-19 15:50:00
TCK-0000467,CUST-000801,2025-09-03 17:02:00,2025-09-09 05:35:00,Low,Integration,Closed,5.0,168,7953.0,2025-10-02 15:00:00
TCK-0000468,CUST-000046,2025-12-28 01:59:00,2025-12-30 18:36:00,Low,Integration,Resolved,2.0,129,3877.0,2026-01-13 00:23:00
TCK-0000469,CUST-000583,2025-06-22 22:38:00,2025-06-28 11:34:00,Low,Billing,Resolved,3.0,258,7976.0,2025-07-10 12:37:00
TCK-0000470,CUST-000003,2025-04-15 12:38:00,,Low,Billing,In Progress,,18,,2025-04-24 21:32:00
TCK-0000471,CUST-000305,2025-11-25 04:05:00,2025-11-27 13:54:00,Medium,Integration,Closed,3.0,24,3469.0,2025-12-04 13:34:00
TCK-0000472,CUST-000336,2025-10-11 07:36:00,2025-10-17 21:53:00,Low,Login,Closed,1.0,10,9497.0,2025-10-17 21:53:00
TCK-0000473,CUST-000102,2025-10-29 19:34:00,2025-11-04 12:54:00,Critical,Product Question,Resolved,1.0,398,8240.0,2025-11-28 18:16:00
TCK-0000474,CUST-000944,2024-10-15 14:17:00,2024-10-19 12:27:00,Medium,Performance,Closed,2.0,318,5650.0,2024-10-30 17:34:00
TCK-0000475,CUST-000658,2024-11-05 20:59:00,2024-11-06 18:06:00,Medium,Reporting,Closed,4.0,184,1267.0,2024-11-12 16:31:00
TCK-0000476,CUST-000814,2025-12-12 00:15:00,2025-12-16 08:00:00,Low,Data Sync,Resolved,2.0,107,6225.0,2025-12-16 08:00:00
TCK-0000477,CUST-000556,2024-06-21 12:41:00,,Medium,Performance,In Progress,,376,,2024-07-08 08:58:00
TCK-0000478,CUST-000491,2024-12-04 06:51:00,2024-12-05 02:32:00,Low,Billing,Closed,4.0,460,1181.0,2024-12-25 12:25:00
TCK-0000479,CUST-000259,2025-11-11 17:50:00,2025-11-13 18:43:00,High,Reporting,Resolved,2.0,405,2933.0,2025-11-13 18:43:00
TCK-0000480,CUST-000226,2025-12-18 02:04:00,2025-12-24 13:35:00,High,Product Question,Resolved,4.0,433,9331.0,2025-12-24 13:35:00
TCK-0000481,CUST-000951,2025-01-31 02:01:00,2025-02-05 05:04:00,Low,Billing,Resolved,3.0,82,7383.0,2025-02-18 15:40:00
TCK-0000482,CUST-000918,2025-11-27 10:29:00,2025-11-28 00:50:00,Medium,Data Sync,Closed,5.0,24,861.0,2025-12-06 22:27:00
TCK-0000483,CUST-000567,2025-12-29 21:31:00,,Medium,Billing,In Progress,,149,,2026-01-12 22:29:00
TCK-0000484,CUST-000864,2025-08-19 22:09:00,2025-08-23 19:37:00,Medium,Integration,Closed,4.0,399,5608.0,2025-08-23 19:37:00
TCK-0000485,CUST-000783,2025-08-21 08:45:00,,High,Reporting,Open,,421,,2025-09-09 19:35:00
TCK-0000486,CUST-000747,2025-01-02 01:05:00,2025-01-08 08:01:00,High,Product Question,Resolved,1.0,326,9056.0,2025-01-18 19:27:00
TCK-0000487,CUST-000607,2025-06-02 04:57:00,,Medium,Performance,Open,,266,,2025-07-01 05:51:00
TCK-0000488,CUST-000372,2025-11-05 22:04:00,2025-11-06 19:26:00,Medium,Performance,Resolved,3.0,199,1282.0,2025-11-09 08:54:00
TCK-0000489,CUST-000155,2025-08-14 14:32:00,2025-08-16 03:43:00,Low,Billing,Resolved,3.0,313,2231.0,2025-09-08 07:06:00
TCK-0000490,CUST-000463,2024-12-15 16:46:00,2024-12-21 14:24:00,Low,Integration,Closed,1.0,114,8498.0,2024-12-28 20:53:00
TCK-0000491,CUST-000931,2024-10-21 04:16:00,2024-10-23 05:30:00,Low,Billing,Resolved,3.0,110,2954.0,2024-11-18 07:44:00
TCK-0000492,CUST-000108,2025-10-05 21:11:00,2025-10-11 02:03:00,Low,Product Question,Closed,1.0,274,7492.0,2025-10-25 20:34:00
TCK-0000493,CUST-000576,2025-11-01 15:47:00,2025-11-05 12:49:00,Medium,Performance,Closed,3.0,218,5582.0,2025-11-19 17:57:00
TCK-0000494,CUST-000484,2025-03-10 19:01:00,2025-03-14 21:19:00,Low,Reporting,Closed,5.0,436,5898.0,2025-04-08 21:12:00
TCK-0000495,CUST-000649,2025-12-22 08:48:00,,Medium,Product Question,Open,,69,,2026-01-13 12:39:00
TCK-0000496,CUST-000712,2024-07-22 10:14:00,,Low,Billing,In Progress,,59,,2024-08-06 19:13:00
TCK-0000497,CUST-000517,2025-07-24 00:21:00,2025-07-27 13:21:00,High,Billing,Resolved,1.0,332,5100.0,2025-08-02 20:44:00
TCK-0000498,CUST-000595,2025-01-16 10:43:00,2025-01-21 19:52:00,Medium,Billing,Closed,3.0,441,7749.0,2025-01-23 06:38:00
TCK-0000499,CUST-000772,2025-09-08 18:09:00,2025-09-14 08:29:00,Low,Product Question,Closed,4.0,271,8060.0,2025-09-15 23:38:00
TCK-0000500,CUST-000202,2025-12-08 00:23:00,2025-12-14 19:56:00,High,Integration,Closed,5.0,328,9813.0,2025-12-28 14:02:00
TCK-0000501,CUST-000944,2025-12-02 21:11:00,,Medium,Reporting,Open,,47,,2025-12-09 22:01:00
TCK-0000502,CUST-000514,2025-09-09 12:03:00,2025-09-10 16:35:00,High,Integration,Closed,4.0,39,1712.0,2025-09-18 16:49:00
TCK-0000503,CUST-000330,2025-07-05 18:17:00,2025-07-11 22:39:00,Medium,Login,Resolved,1.0,35,8902.0,2025-07-26 14:11:00
TCK-0000504,CUST-000893,2025-04-29 12:04:00,2025-04-29 17:33:00,Low,Login,Closed,3.0,239,329.0,2025-05-07 20:19:00
TCK-0000505,CUST-000851,2025-10-01 16:38:00,2025-10-07 11:58:00,Medium,Billing,Closed,2.0,222,8360.0,2025-10-25 17:48:00
TCK-0000506,CUST-000172,2025-12-06 18:12:00,2025-12-06 19:57:00,Medium,Reporting,Resolved,2.0,32,105.0,2025-12-25 19:00:00
TCK-0000507,CUST-000118,2025-11-14 14:19:00,2025-11-18 07:21:00,High,Data Sync,Closed,3.0,471,5342.0,2025-11-18 07:21:00
TCK-0000508,CUST-000849,2025-12-29 13:40:00,2026-01-05 17:13:00,Low,Data Sync,Closed,1.0,332,10293.0,2026-01-05 17:13:00
TCK-0000509,CUST-000426,2025-05-02 06:17:00,2025-05-06 12:37:00,Low,Product Question,Closed,5.0,259,6140.0,2025-05-22 14:54:00
TCK-0000510,CUST-000986,2025-12-25 06:49:00,2025-12-29 05:17:00,Low,Integration,Resolved,5.0,38,5668.0,2026-01-05 22:48:00
TCK-0000511,CUST-000897,2025-06-19 18:33:00,,Medium,Reporting,Open,,8,,2025-06-26 00:00:00
TCK-0000512,CUST-000112,2025-06-09 05:26:00,2025-06-12 21:59:00,Low,Integration,Closed,5.0,191,5313.0,2025-06-20 06:04:00
TCK-0000513,CUST-000584,2025-11-03 14:33:00,2025-11-03 21:51:00,Medium,Integration,Resolved,4.0,144,438.0,2025-11-07 07:34:00
TCK-0000514,CUST-000552,2025-05-26 18:33:00,2025-05-28 03:46:00,Low,Reporting,Closed,5.0,53,1993.0,2025-05-31 08:38:00
TCK-0000515,CUST-000039,2025-12-29 14:04:00,2026-01-03 08:35:00,Low,Login,Closed,4.0,162,6871.0,2026-01-23 09:13:00
TCK-0000516,CUST-000332,2025-11-21 12:09:00,2025-11-23 23:33:00,Low,Product Question,Closed,4.0,461,3564.0,2025-12-09 16:34:00
TCK-0000517,CUST-000368,2025-01-15 07:31:00,2025-01-18 04:01:00,Medium,Product Question,Closed,3.0,349,4110.0,2025-02-13 23:58:00
TCK-0000518,CUST-000597,2025-10-13 02:24:00,2025-10-17 11:03:00,Low,Data Sync,Resolved,3.0,138,6279.0,2025-11-05 06:36:00
TCK-0000519,CUST-000720,2025-05-20 03:39:00,,Low,Performance,Open,,353,,2025-05-20 22:17:00
TCK-0000520,CUST-000148,2025-12-07 19:10:00,2025-12-09 00:35:00,Low,Reporting,Closed,1.0,241,1765.0,2025-12-17 00:21:00
TCK-0000521,CUST-000325,2025-10-03 03:13:00,2025-10-07 14:21:00,Medium,Login,Resolved,3.0,336,6428.0,2025-10-27 14:34:00
TCK-0000522,CUST-000403,2025-09-24 09:29:00,2025-09-27 23:44:00,Low,Integration,Closed,5.0,117,5175.0,2025-10-05 14:25:00
TCK-0000523,CUST-000242,2025-06-13 21:49:00,2025-06-18 12:57:00,Low,Reporting,Closed,3.0,18,6668.0,2025-06-27 13:19:00
TCK-0000524,CUST-000860,2025-04-16 06:40:00,2025-04-16 14:28:00,Low,Billing,Resolved,2.0,272,468.0,2025-04-27 15:52:00
TCK-0000525,CUST-000802,2025-01-08 08:26:00,,Low,Product Question,Open,,459,,2025-01-16 13:19:00
TCK-0000526,CUST-000109,2025-08-12 02:43:00,2025-08-17 08:40:00,Low,Billing,Resolved,3.0,57,7557.0,2025-08-29 14:18:00
TCK-0000527,CUST-000247,2025-09-29 11:32:00,2025-10-06 12:24:00,Low,Product Question,Closed,2.0,220,10132.0,2025-10-06 12:24:00
TCK-0000528,CUST-000284,2025-11-08 04:39:00,2025-11-09 20:17:00,Medium,Product Question,Resolved,4.0,336,2378.0,2025-12-01 04:51:00
TCK-0000529,CUST-000204,2025-01-23 15:04:00,,Medium,Product Question,Open,,433,,2025-01-26 11:25:00
TCK-0000530,CUST-000156,2025-12-26 01:15:00,2026-01-01 23:09:00,Low,Integration,Resolved,5.0,87,9954.0,2026-01-01 23:09:00
TCK-0000531,CUST-000695,2025-12-19 09:30:00,2025-12-22 00:30:00,Medium,Billing,Resolved,5.0,409,3780.0,2026-01-09 17:15:00
TCK-0000532,CUST-000854,2025-03-31 17:18:00,2025-04-07 18:33:00,Low,Product Question,Resolved,5.0,457,10155.0,2025-04-07 18:33:00
TCK-0000533,CUST-000693,2025-12-07 11:15:00,2025-12-11 10:18:00,Medium,Product Question,Closed,5.0,79,5703.0,2025-12-18 05:00:00
TCK-0000534,CUST-000698,2025-11-27 14:47:00,2025-11-28 11:27:00,Medium,Login,Resolved,2.0,281,1240.0,2025-12-19 21:21:00
TCK-0000535,CUST-000002,2024-02-21 07:40:00,2024-02-26 15:08:00,Medium,Performance,Resolved,4.0,189,7648.0,2024-03-01 12:42:00
TCK-0000536,CUST-000094,2025-12-12 23:06:00,2025-12-16 14:52:00,Low,Reporting,Closed,1.0,436,5266.0,2025-12-23 06:12:00
TCK-0000537,CUST-000563,2025-08-25 18:24:00,2025-08-26 13:17:00,Low,Integration,Closed,4.0,349,1133.0,2025-09-23 09:42:00
TCK-0000538,CUST-000639,2024-05-13 03:59:00,2024-05-15 05:05:00,Medium,Data Sync,Closed,3.0,45,2946.0,2024-05-28 21:00:00
TCK-0000539,CUST-000064,2025-08-20 20:50:00,2025-08-24 18:00:00,Medium,Product Question,Closed,2.0,442,5590.0,2025-09-01 13:51:00
TCK-0000540,CUST-000729,2025-03-11 07:21:00,,Medium,Performance,Open,,151,,2025-03-31 04:56:00
TCK-0000541,CUST-000910,2025-06-26 08:05:00,,Medium,Billing,Open,,327,,2025-07-12 15:49:00
TCK-0000542,CUST-000647,2025-12-26 15:20:00,2025-12-30 20:06:00,Medium,Product Question,Resolved,2.0,268,6046.0,2026-01-25 10:10:00
TCK-0000543,CUST-000739,2025-08-17 11:18:00,2025-08-22 14:54:00,High,Integration,Closed,4.0,168,7416.0,2025-08-25 06:33:00
TCK-0000544,CUST-000749,2025-07-13 13:19:00,2025-07-19 01:32:00,High,Reporting,Closed,3.0,285,7933.0,2025-08-05 12:00:00
TCK-0000545,CUST-000735,2024-12-17 16:00:00,2024-12-21 11:54:00,Low,Integration,Closed,4.0,437,5514.0,2024-12-31 18:30:00
TCK-0000546,CUST-000530,2025-05-23 13:04:00,2025-05-28 07:16:00,Medium,Data Sync,Closed,1.0,386,6852.0,2025-06-02 07:56:00
TCK-0000547,CUST-000741,2024-10-23 03:40:00,2024-10-29 07:57:00,Low,Integration,Resolved,5.0,464,8897.0,2024-11-03 06:32:00
TCK-0000548,CUST-000005,2025-10-10 02:13:00,,Low,Data Sync,In Progress,,12,,2025-10-15 14:55:00
TCK-0000549,CUST-000186,2025-09-27 13:51:00,2025-09-30 10:08:00,High,Reporting,Closed,2.0,266,4097.0,2025-10-21 00:47:00
TCK-0000550,CUST-000475,2025-01-01 00:29:00,2025-01-04 22:57:00,Medium,Billing,Closed,4.0,341,5668.0,2025-01-17 04:05:00
TCK-0000551,CUST-000107,2025-08-09 19:42:00,2025-08-11 17:47:00,Medium,Billing,Closed,1.0,150,2765.0,2025-08-31 02:24:00
TCK-0000552,CUST-000454,2025-01-18 17:19:00,2025-01-25 11:22:00,High,Product Question,Resolved,4.0,267,9723.0,2025-02-02 17:21:00
TCK-0000553,CUST-000449,2025-08-09 14:50:00,2025-08-13 16:31:00,Medium,Data Sync,Closed,1.0,385,5861.0,2025-09-05 06:45:00
TCK-0000554,CUST-000482,2025-12-22 16:58:00,,High,Reporting,Open,,460,,2025-12-26 09:58:00
TCK-0000555,CUST-000700,2024-08-18 09:31:00,2024-08-19 09:53:00,Medium,Data Sync,Resolved,5.0,129,1462.0,2024-08-30 08:19:00
TCK-0000556,CUST-000353,2025-08-12 00:41:00,2025-08-12 14:55:00,Low,Billing,Resolved,4.0,387,854.0,2025-08-25 18:22:00
TCK-0000557,CUST-000993,2025-03-16 19:59:00,,Low,Product Question,In Progress,,232,,2025-04-14 14:27:00
TCK-0000558,CUST-000039,2025-12-27 19:56:00,2025-12-29 16:13:00,High,Data Sync,Resolved,1.0,148,2657.0,2026-01-25 17:58:00
TCK-0000559,CUST-000279,2025-10-09 14:59:00,2025-10-10 18:03:00,Medium,Performance,Resolved,4.0,206,1624.0,2025-10-28 01:22:00
TCK-0000560,CUST-000874,2025-10-18 18:24:00,2025-10-24 03:05:00,Low,Integration,Resolved,3.0,13,7721.0,2025-11-03 23:19:00
TCK-0000561,CUST-000909,2024-08-18 01:50:00,2024-08-20 06:30:00,Medium,Performance,Closed,4.0,119,3160.0,2024-08-23 01:30:00
TCK-0000562,CUST-000894,2025-12-24 05:12:00,2025-12-31 09:31:00,Medium,Login,Closed,5.0,268,10339.0,2026-01-22 22:33:00
TCK-0000563,CUST-000077,2025-05-14 05:05:00,,Low,Data Sync,In Progress,,365,,2025-05-25 16:06:00
TCK-0000564,CUST-000473,2025-01-18 13:35:00,2025-01-20 00:37:00,Low,Integration,Closed,3.0,251,2102.0,2025-01-24 11:29:00
TCK-0000565,CUST-000301,2025-04-21 16:31:00,2025-04-26 12:13:00,Medium,Login,Closed,4.0,366,6942.0,2025-04-26 12:13:00
TCK-0000566,CUST-000075,2025-06-30 06:18:00,2025-07-02 14:30:00,Medium,Reporting,Closed,5.0,419,3372.0,2025-07-17 11:27:00
TCK-0000567,CUST-000411,2025-05-24 10:34:00,2025-05-30 12:51:00,High,Billing,Closed,3.0,253,8777.0,2025-05-30 12:51:00
TCK-0000568,CUST-000032,2024-07-31 20:01:00,2024-08-06 21:48:00,Medium,Billing,Closed,5.0,52,8747.0,2024-08-06 21:48:00
TCK-0000569,CUST-000354,2025-09-25 08:53:00,2025-09-28 03:51:00,Medium,Login,Resolved,4.0,408,4018.0,2025-10-02 04:48:00
TCK-0000570,CUST-000579,2025-12-14 04:11:00,,Medium,Performance,Open,,283,,2026-01-05 11:36:00
TCK-0000571,CUST-000834,2025-12-11 23:13:00,2025-12-15 05:38:00,Low,Billing,Closed,5.0,192,4705.0,2025-12-31 09:23:00
TCK-0000572,CUST-000092,2025-01-30 19:55:00,2025-02-02 08:31:00,Critical,Login,Closed,2.0,478,3636.0,2025-02-08 14:24:00
TCK-0000573,CUST-000437,2025-05-23 22:58:00,,High,Reporting,Open,,318,,2025-06-21 03:11:00
TCK-0000574,CUST-000414,2025-10-13 15:47:00,2025-10-18 13:35:00,Low,Billing,Resolved,4.0,16,7068.0,2025-11-11 09:52:00
TCK-0000575,CUST-000769,2025-06-21 16:26:00,2025-06-24 04:01:00,High,Billing,Closed,3.0,454,3575.0,2025-06-25 06:13:00
TCK-0000576,CUST-000256,2025-06-19 04:27:00,,Low,Reporting,Open,,30,,2025-06-19 22:35:00
TCK-0000577,CUST-000884,2024-10-30 16:19:00,2024-10-31 20:26:00,Medium,Performance,Closed,2.0,418,1687.0,2024-11-28 15:56:00
TCK-0000578,CUST-000269,2024-08-13 20:46:00,2024-08-18 20:28:00,Low,Login,Resolved,3.0,6,7182.0,2024-08-30 19:10:00
TCK-0000579,CUST-000507,2025-08-28 16:37:00,,High,Login,In Progress,,324,,2025-09-21 17:53:00
TCK-0000580,CUST-000813,2024-12-31 19:54:00,2025-01-01 15:17:00,High,Billing,Closed,1.0,32,1163.0,2025-01-21 22:38:00
TCK-0000581,CUST-000385,2024-07-11 00:52:00,2024-07-15 00:04:00,High,Login,Resolved,5.0,29,5712.0,2024-08-05 15:44:00
TCK-0000582,CUST-000755,2025-12-25 15:15:00,2025-12-29 17:33:00,Low,Product Question,Closed,2.0,112,5898.0,2026-01-07 13:27:00
TCK-0000583,CUST-000003,2025-12-15 02:37:00,2025-12-20 23:26:00,Low,Billing,Closed,4.0,118,8449.0,2025-12-28 23:01:00
TCK-0000584,CUST-000965,2025-08-08 11:58:00,2025-08-12 03:39:00,Medium,Billing,Closed,3.0,318,5261.0,2025-09-06 10:57:00
TCK-0000585,CUST-000730,2025-10-21 02:17:00,,High,Billing,Open,,50,,2025-11-09 18:59:00
TCK-0000586,CUST-000147,2025-02-12 15:05:00,2025-02-15 20:47:00,Low,Performance,Closed,5.0,243,4662.0,2025-02-21 14:50:00
TCK-0000587,CUST-000963,2025-12-25 12:08:00,2025-12-30 22:21:00,Low,Performance,Closed,1.0,477,7813.0,2026-01-07 22:46:00
TCK-0000588,CUST-000857,2025-08-13 16:04:00,2025-08-17 12:51:00,Medium,Integration,Closed,4.0,45,5567.0,2025-08-17 12:51:00
TCK-0000589,CUST-000239,2025-05-23 15:25:00,2025-05-25 21:25:00,High,Login,Closed,3.0,445,3240.0,2025-06-22 13:25:00
TCK-0000590,CUST-000365,2025-10-28 02:27:00,2025-11-04 03:24:00,High,Performance,Resolved,4.0,173,10137.0,2025-11-17 15:12:00
TCK-0000591,CUST-000937,2025-08-01 22:15:00,2025-08-08 02:05:00,High,Integration,Closed,5.0,119,8870.0,2025-08-16 23:03:00
TCK-0000592,CUST-000370,2024-12-30 09:37:00,,Medium,Product Question,Open,,197,,2025-01-14 20:05:00
TCK-0000593,CUST-000982,2024-05-07 00:29:00,2024-05-12 17:25:00,High,Product Question,Resolved,5.0,99,8216.0,2024-06-05 21:43:00
TCK-0000594,CUST-000274,2025-07-12 22:27:00,2025-07-14 05:40:00,Critical,Reporting,Resolved,1.0,306,1873.0,2025-07-31 04:28:00
TCK-0000595,CUST-000663,2025-03-23 20:32:00,2025-03-29 04:20:00,High,Data Sync,Closed,2.0,96,7668.0,2025-03-29 06:59:00
TCK-0000596,CUST-000201,2025-10-27 18:33:00,,Medium,Product Question,In Progress,,129,,2025-11-13 08:27:00
TCK-0000597,CUST-000637,2024-09-09 17:42:00,2024-09-15 15:13:00,Low,Data Sync,Closed,1.0,228,8491.0,2024-09-15 15:13:00
TCK-0000598,CUST-000824,2025-12-27 01:50:00,,Medium,Product Question,In Progress,,7,,2026-01-17 16:13:00
TCK-0000599,CUST-000840,2025-12-24 07:52:00,2025-12-28 03:24:00,Low,Product Question,Closed,4.0,15,5492.0,2026-01-14 11:46:00
TCK-0000600,CUST-000413,2025-12-10 20:34:00,2025-12-16 00:06:00,Low,Integration,Resolved,4.0,35,7412.0,2025-12-25 01:27:00
TCK-0000601,CUST-000974,2025-12-30 02:14:00,2025-12-30 07:32:00,Medium,Performance,Resolved,5.0,42,318.0,2026-01-22 14:35:00
TCK-0000602,CUST-000423,2025-08-07 01:30:00,2025-08-08 09:25:00,High,Login,Closed,4.0,28,1915.0,2025-08-09 02:39:00
TCK-0000603,CUST-000624,2025-11-24 02:23:00,2025-11-25 17:46:00,Medium,Billing,Closed,2.0,121,2363.0,2025-11-26 16:13:00
TCK-0000604,CUST-000882,2024-12-01 16:25:00,2024-12-03 10:13:00,Low,Billing,Closed,3.0,396,2508.0,2024-12-03 10:13:00
TCK-0000605,CUST-000023,2025-10-25 19:10:00,2025-10-31 12:20:00,Medium,Data Sync,Closed,1.0,288,8230.0,2025-11-10 07:00:00
TCK-0000606,CUST-000699,2025-12-04 08:05:00,,Low,Product Question,Open,,13,,2025-12-05 05:48:00
TCK-0000607,CUST-000761,2024-10-30 21:44:00,2024-11-02 20:21:00,Low,Integration,Closed,4.0,14,4237.0,2024-11-07 05:19:00
TCK-0000608,CUST-000421,2025-07-16 06:30:00,2025-07-21 16:06:00,Low,Login,Resolved,2.0,138,7776.0,2025-08-14 04:48:00
TCK-0000609,CUST-000300,2025-10-29 07:59:00,2025-10-30 22:33:00,Medium,Performance,Closed,3.0,20,2314.0,2025-11-04 02:28:00
TCK-0000610,CUST-000733,2025-12-15 11:32:00,2025-12-18 06:33:00,Low,Performance,Closed,5.0,170,4021.0,2026-01-13 04:12:00
TCK-0000611,CUST-000510,2024-09-28 09:32:00,2024-09-29 19:02:00,Medium,Product Question,Closed,4.0,325,2010.0,2024-10-22 00:59:00
TCK-0000612,CUST-000121,2025-11-25 01:53:00,,Medium,Login,Open,,390,,2025-12-06 17:33:00
TCK-0000613,CUST-000624,2025-12-15 14:05:00,2025-12-17 19:08:00,Medium,Integration,Resolved,3.0,253,3183.0,2026-01-06 10:52:00
TCK-0000614,CUST-000952,2025-01-07 23:12:00,2025-01-11 12:02:00,Low,Product Question,Resolved,5.0,373,5090.0,2025-01-28 02:43:00
TCK-0000615,CUST-000370,2025-07-30 08:53:00,2025-08-04 07:03:00,Low,Data Sync,Resolved,2.0,292,7090.0,2025-08-18 00:42:00
TCK-0000616,CUST-000787,2024-10-07 22:57:00,2024-10-12 12:32:00,Medium,Integration,Closed,1.0,344,6575.0,2024-10-12 12:32:00
TCK-0000617,CUST-000119,2025-04-22 20:00:00,2025-04-26 01:00:00,Low,Billing,Closed,5.0,113,4620.0,2025-04-26 01:00:00
TCK-0000618,CUST-000054,2025-12-15 04:05:00,,Medium,Login,Open,,311,,2026-01-05 09:06:00
TCK-0000619,CUST-000543,2025-12-18 23:47:00,2025-12-25 12:50:00,Medium,Billing,Resolved,5.0,455,9423.0,2025-12-30 09:20:00
TCK-0000620,CUST-000255,2025-06-12 23:01:00,2025-06-18 15:52:00,Medium,Product Question,Resolved,4.0,285,8211.0,2025-06-26 15:29:00
TCK-0000621,CUST-000478,2024-11-24 16:40:00,2024-11-25 06:03:00,Medium,Integration,Resolved,1.0,436,803.0,2024-12-14 08:37:00
TCK-0000622,CUST-000384,2025-11-16 22:58:00,2025-11-20 22:43:00,Critical,Performance,Closed,2.0,458,5745.0,2025-12-01 21:58:00
TCK-0000623,CUST-000977,2025-08-17 07:56:00,2025-08-24 10:43:00,Medium,Reporting,Closed,2.0,318,10247.0,2025-08-28 00:13:00
TCK-0000624,CUST-000360,2025-04-05 02:55:00,2025-04-06 04:04:00,Low,Performance,Closed,3.0,7,1509.0,2025-04-08 03:58:00
TCK-0000625,CUST-000079,2025-08-11 03:27:00,2025-08-15 05:17:00,Low,Data Sync,Resolved,3.0,225,5870.0,2025-09-09 13:50:00
TCK-0000626,CUST-000244,2024-09-12 00:19:00,2024-09-12 15:23:00,High,Login,Closed,2.0,241,904.0,2024-09-23 17:40:00
TCK-0000627,CUST-000869,2025-11-02 20:34:00,2025-11-07 22:31:00,Critical,Performance,Closed,3.0,103,7317.0,2025-11-26 19:47:00
TCK-0000628,CUST-000487,2025-03-24 11:15:00,2025-03-28 02:38:00,Medium,Billing,Closed,2.0,319,5243.0,2025-03-29 22:44:00
TCK-0000629,CUST-000495,2024-12-22 11:59:00,,High,Integration,Open,,112,,2025-01-01 10:55:00
TCK-0000630,CUST-000826,2025-10-13 08:06:00,2025-10-14 00:42:00,Medium,Data Sync,Closed,1.0,303,996.0,2025-10-14 00:42:00
TCK-0000631,CUST-000211,2025-11-20 12:36:00,2025-11-21 10:26:00,Low,Data Sync,Closed,2.0,146,1310.0,2025-11-22 08:11:00
TCK-0000632,CUST-000835,2025-08-10 11:34:00,2025-08-17 16:03:00,Medium,Billing,Closed,3.0,470,10349.0,2025-08-22 20:52:00
TCK-0000633,CUST-000295,2025-12-14 10:48:00,2025-12-20 17:14:00,Low,Login,Closed,1.0,430,9026.0,2025-12-24 08:33:00
TCK-0000634,CUST-000770,2025-12-19 12:21:00,,Medium,Billing,Open,,361,,2025-12-22 15:22:00
TCK-0000635,CUST-000009,2025-08-06 06:07:00,2025-08-12 23:30:00,High,Reporting,Closed,4.0,174,9683.0,2025-08-13 00:06:00
TCK-0000636,CUST-000394,2024-09-25 18:05:00,2024-09-27 02:29:00,Medium,Data Sync,Closed,4.0,287,1944.0,2024-10-01 07:32:00
TCK-0000637,CUST-000542,2025-12-17 00:15:00,,Medium,Data Sync,Open,,401,,2026-01-08 20:28:00
TCK-0000638,CUST-000499,2024-10-12 15:09:00,2024-10-14 09:01:00,High,Billing,Closed,2.0,134,2512.0,2024-10-21 20:41:00
TCK-0000639,CUST-000924,2025-12-25 03:07:00,2025-12-28 07:46:00,High,Integration,Resolved,4.0,135,4599.0,2026-01-03 21:50:00
TCK-0000640,CUST-000343,2025-09-15 12:15:00,2025-09-17 10:00:00,Medium,Billing,Resolved,1.0,430,2745.0,2025-09-29 02:38:00
TCK-0000641,CUST-000752,2025-10-05 15:02:00,2025-10-12 11:36:00,Low,Login,Closed,1.0,212,9874.0,2025-10-12 11:36:00
TCK-0000642,CUST-000895,2025-12-01 12:02:00,2025-12-05 05:03:00,High,Performance,Closed,5.0,158,5341.0,2025-12-08 17:24:00
TCK-0000643,CUST-000291,2025-07-03 23:23:00,2025-07-05 19:43:00,Medium,Integration,Closed,4.0,255,2660.0,2025-07-10 02:52:00
TCK-0000644,CUST-000742,2024-11-27 22:32:00,2024-12-01 06:28:00,Medium,Integration,Closed,5.0,344,4796.0,2024-12-26 12:26:00
TCK-0000645,CUST-000354,2025-06-25 22:53:00,2025-07-02 21:10:00,High,Billing,Resolved,5.0,7,9977.0,2025-07-14 09:28:00
TCK-0000646,CUST-000447,2025-11-15 07:06:00,2025-11-19 19:27:00,Low,Data Sync,Closed,1.0,165,6501.0,2025-12-12 20:59:00
TCK-0000647,CUST-000297,2025-07-25 23:59:00,2025-07-26 23:52:00,Low,Login,Closed,1.0,395,1433.0,2025-08-20 21:53:00
TCK-0000648,CUST-000336,2025-06-19 04:34:00,,Low,Billing,In Progress,,288,,2025-06-26 15:23:00
TCK-0000649,CUST-000127,2024-10-01 08:41:00,2024-10-07 20:57:00,High,Data Sync,Closed,5.0,290,9376.0,2024-10-07 20:57:00
TCK-0000650,CUST-000770,2025-12-12 07:32:00,2025-12-17 04:37:00,Medium,Reporting,Closed,3.0,209,7025.0,2025-12-25 18:37:00
TCK-0000651,CUST-000159,2025-10-16 04:51:00,2025-10-20 14:25:00,Medium,Login,Closed,3.0,42,6334.0,2025-10-27 00:58:00
TCK-0000652,CUST-000736,2025-05-15 18:54:00,2025-05-18 14:11:00,High,Product Question,Resolved,1.0,226,4037.0,2025-06-03 00:13:00
TCK-0000653,CUST-000717,2025-07-13 17:51:00,2025-07-20 03:40:00,High,Reporting,Closed,2.0,15,9229.0,2025-07-20 03:40:00
TCK-0000654,CUST-000879,2025-12-28 07:09:00,2025-12-30 14:22:00,High,Login,Closed,2.0,199,3313.0,2026-01-02 21:20:00
TCK-0000655,CUST-000583,2025-07-19 16:34:00,,Critical,Integration,In Progress,,53,,2025-07-25 21:21:00
TCK-0000656,CUST-000145,2025-02-18 15:37:00,2025-02-19 05:14:00,High,Reporting,Resolved,3.0,380,817.0,2025-03-09 12:00:00
TCK-0000657,CUST-000289,2025-12-22 22:43:00,2025-12-28 11:15:00,Medium,Performance,Closed,2.0,365,7952.0,2025-12-28 11:15:00
TCK-0000658,CUST-000780,2024-12-08 09:06:00,2024-12-14 03:35:00,Medium,Reporting,Resolved,2.0,285,8309.0,2024-12-20 23:53:00
TCK-0000659,CUST-000263,2024-09-20 04:30:00,2024-09-20 18:08:00,Critical,Integration,Closed,2.0,388,818.0,2024-09-28 00:36:00
TCK-0000660,CUST-000810,2024-06-18 09:33:00,2024-06-22 02:14:00,High,Product Question,Resolved,4.0,244,5321.0,2024-06-22 02:14:00
TCK-0000661,CUST-000724,2025-09-18 01:09:00,2025-09-20 01:50:00,Medium,Billing,Closed,4.0,445,2921.0,2025-09-23 08:16:00
TCK-0000662,CUST-000633,2025-12-08 17:50:00,2025-12-10 07:31:00,Low,Data Sync,Closed,1.0,239,2261.0,2025-12-16 10:48:00
TCK-0000663,CUST-000096,2025-08-02 23:42:00,2025-08-09 07:02:00,Low,Data Sync,Closed,4.0,24,9080.0,2025-08-27 10:14:00
TCK-0000664,CUST-000559,2024-10-15 04:28:00,2024-10-18 13:29:00,Low,Reporting,Closed,5.0,227,4861.0,2024-10-20 16:26:00
TCK-0000665,CUST-000217,2025-05-12 20:56:00,,Low,Integration,Open,,50,,2025-05-30 07:48:00
TCK-0000666,CUST-000993,2024-07-30 14:48:00,2024-08-02 04:58:00,Medium,Billing,Closed,3.0,390,3730.0,2024-08-24 07:13:00
TCK-0000667,CUST-000353,2025-11-13 15:41:00,2025-11-18 14:29:00,Medium,Integration,Closed,1.0,267,7128.0,2025-12-12 15:57:00
TCK-0000668,CUST-000437,2025-09-22 13:41:00,,Medium,Login,In Progress,,241,,2025-10-07 11:53:00
TCK-0000669,CUST-000876,2025-03-31 03:51:00,2025-04-03 06:37:00,Low,Reporting,Closed,4.0,153,4486.0,2025-04-03 06:37:00
TCK-0000670,CUST-000034,2025-10-17 19:20:00,2025-10-22 15:08:00,Medium,Reporting,Closed,3.0,238,6948.0,2025-10-23 04:58:00
TCK-0000671,CUST-000818,2025-11-19 05:41:00,2025-11-20 21:45:00,Low,Performance,Closed,1.0,473,2404.0,2025-12-05 16:43:00
TCK-0000672,CUST-000284,2025-08-17 21:55:00,2025-08-21 05:19:00,Medium,Reporting,Closed,1.0,68,4764.0,2025-09-03 23:33:00
TCK-0000673,CUST-000083,2025-06-08 20:13:00,2025-06-12 14:59:00,Critical,Reporting,Closed,3.0,132,5446.0,2025-07-08 04:34:00
TCK-0000674,CUST-000189,2025-07-27 03:25:00,2025-07-30 06:05:00,High,Integration,Closed,2.0,121,4480.0,2025-08-09 05:29:00
TCK-0000675,CUST-000556,2024-07-16 10:29:00,,Low,Data Sync,Open,,68,,2024-07-29 12:14:00
TCK-0000676,CUST-000227,2025-12-17 06:10:00,2025-12-20 19:32:00,Medium,Login,Resolved,2.0,389,5122.0,2025-12-30 01:59:00
TCK-0000677,CUST-000837,2025-12-25 20:34:00,2025-12-27 21:48:00,Low,Login,Resolved,5.0,390,2954.0,2026-01-03 04:20:00
TCK-0000678,CUST-000073,2025-06-14 03:24:00,,Medium,Product Question,In Progress,,396,,2025-06-20 04:25:00
TCK-0000679,CUST-000545,2025-11-21 04:57:00,2025-11-23 10:27:00,Medium,Reporting,Closed,3.0,212,3210.0,2025-12-19 06:42:00
TCK-0000680,CUST-000032,2025-08-31 23:57:00,2025-09-06 17:01:00,Low,Reporting,Closed,4.0,171,8224.0,2025-09-20 04:07:00
TCK-0000681,CUST-000463,2025-06-24 17:03:00,2025-06-26 22:56:00,Medium,Data Sync,Resolved,2.0,138,3233.0,2025-07-20 12:27:00
TCK-0000682,CUST-000737,2025-07-26 14:36:00,2025-07-29 22:12:00,Medium,Billing,Closed,3.0,98,4776.0,2025-08-20 05:12:00
TCK-0000683,CUST-000893,2025-04-03 02:13:00,2025-04-06 17:55:00,Medium,Login,Closed,4.0,185,5262.0,2025-04-29 09:11:00
TCK-0000684,CUST-000850,2025-01-07 22:31:00,2025-01-12 00:12:00,Low,Billing,Closed,5.0,380,5861.0,2025-01-22 11:45:00
TCK-0000685,CUST-000735,2025-07-04 04:04:00,2025-07-05 06:55:00,Low,Login,Closed,1.0,39,1611.0,2025-07-12 19:29:00
TCK-0000686,CUST-000857,2025-04-08 23:07:00,2025-04-13 19:02:00,Medium,Reporting,Closed,4.0,439,6955.0,2025-04-13 19:02:00
TCK-0000687,CUST-000509,2024-11-07 13:22:00,2024-11-11 08:44:00,Medium,Performance,Resolved,3.0,173,5482.0,2024-12-02 11:07:00
TCK-0000688,CUST-000893,2025-01-08 21:42:00,,Medium,Product Question,Open,,337,,2025-01-16 18:04:00
TCK-0000689,CUST-000176,2025-07-28 10:58:00,2025-08-02 02:08:00,Medium,Product Question,Resolved,5.0,269,6670.0,2025-08-22 20:03:00
TCK-0000690,CUST-000461,2025-07-11 06:23:00,,High,Performance,In Progress,,184,,2025-07-20 16:24:00
TCK-0000691,CUST-000179,2025-05-17 02:38:00,,Low,Product Question,In Progress,,278,,2025-05-21 09:16:00
TCK-0000692,CUST-000146,2025-03-18 12:09:00,2025-03-18 22:10:00,Medium,Login,Closed,4.0,239,601.0,2025-04-14 00:00:00
TCK-0000693,CUST-000237,2025-02-20 14:33:00,2025-02-25 10:31:00,Medium,Product Question,Resolved,3.0,108,6958.0,2025-03-03 04:39:00
TCK-0000694,CUST-000739,2025-07-16 05:36:00,2025-07-18 04:52:00,Medium,Integration,Resolved,4.0,421,2836.0,2025-08-03 22:45:00
TCK-0000695,CUST-000587,2024-12-09 07:49:00,2024-12-13 19:23:00,Medium,Data Sync,Closed,4.0,254,6454.0,2024-12-21 13:25:00
TCK-0000696,CUST-000564,2025-10-08 10:19:00,2025-10-15 09:04:00,Medium,Login,Closed,1.0,77,10005.0,2025-11-05 05:28:00
TCK-0000697,CUST-000548,2025-04-09 03:01:00,2025-04-11 15:07:00,Low,Reporting,Resolved,3.0,310,3606.0,2025-04-14 19:30:00
TCK-0000698,CUST-000429,2025-07-22 10:13:00,2025-07-26 19:46:00,Low,Product Question,Closed,1.0,27,6333.0,2025-08-01 02:01:00
TCK-0000699,CUST-000634,2025-04-05 08:11:00,2025-04-11 11:10:00,Low,Integration,Closed,1.0,211,8819.0,2025-04-28 14:39:00
TCK-0000700,CUST-000168,2025-09-21 21:56:00,2025-09-25 04:22:00,Low,Login,Resolved,2.0,436,4706.0,2025-10-18 02:26:00
TCK-0000701,CUST-000198,2025-10-05 06:52:00,2025-10-08 07:12:00,Low,Login,Closed,2.0,201,4340.0,2025-10-22 17:52:00
TCK-0000702,CUST-000303,2025-10-09 16:40:00,2025-10-15 01:05:00,Critical,Product Question,Closed,3.0,276,7705.0,2025-11-02 10:40:00
TCK-0000703,CUST-000519,2025-05-01 18:32:00,2025-05-08 16:03:00,Medium,Reporting,Closed,5.0,27,9931.0,2025-05-20 05:35:00
TCK-0000704,CUST-000639,2024-05-08 17:47:00,2024-05-11 16:47:00,Medium,Login,Closed,4.0,308,4260.0,2024-06-06 04:59:00
TCK-0000705,CUST-000611,2025-12-22 10:38:00,2025-12-26 05:42:00,Low,Reporting,Closed,5.0,262,5464.0,2026-01-20 06:12:00
TCK-0000706,CUST-000134,2025-01-17 17:45:00,,Medium,Data Sync,In Progress,,70,,2025-01-24 23:49:00
TCK-0000707,CUST-000858,2025-08-05 11:11:00,,Critical,Data Sync,Open,,361,,2025-08-15 20:40:00
TCK-0000708,CUST-000729,2025-07-10 13:07:00,2025-07-16 01:08:00,Low,Product Question,Closed,2.0,350,7921.0,2025-08-07 23:04:00
TCK-0000709,CUST-000276,2025-10-16 12:40:00,,Medium,Data Sync,In Progress,,198,,2025-10-25 03:41:00
TCK-0000710,CUST-000160,2025-12-16 08:17:00,2025-12-19 19:38:00,High,Reporting,Closed,1.0,272,5001.0,2026-01-05 03:04:00
TCK-0000711,CUST-000279,2024-10-31 08:03:00,2024-11-05 10:50:00,Medium,Login,Closed,3.0,208,7367.0,2024-11-30 04:37:00
TCK-0000712,CUST-000974,2025-12-25 20:07:00,2025-12-29 06:14:00,High,Billing,Closed,2.0,164,4927.0,2026-01-16 20:58:00
TCK-0000713,CUST-000993,2025-03-09 02:42:00,2025-03-09 21:09:00,Low,Product Question,Closed,4.0,39,1107.0,2025-03-28 16:22:00
TCK-0000714,CUST-000421,2024-09-23 08:19:00,2024-09-24 08:52:00,High,Product Question,Closed,3.0,323,1473.0,2024-09-28 22:09:00
TCK-0000715,CUST-000063,2025-04-24 11:12:00,2025-04-27 01:38:00,Low,Data Sync,Closed,1.0,99,3746.0,2025-04-30 21:23:00
TCK-0000716,CUST-000347,2025-06-10 12:30:00,2025-06-16 14:33:00,Medium,Reporting,Resolved,3.0,441,8763.0,2025-06-17 00:03:00
TCK-0000717,CUST-000489,2025-01-29 04:02:00,2025-01-31 11:08:00,Low,Integration,Closed,4.0,471,3306.0,2025-01-31 11:48:00
TCK-0000718,CUST-000964,2024-11-01 03:38:00,2024-11-03 21:27:00,High,Integration,Closed,5.0,441,3949.0,2024-11-30 23:32:00
TCK-0000719,CUST-000929,2025-11-14 15:30:00,,Low,Integration,Open,,283,,2025-12-09 16:07:00
TCK-0000720,CUST-000697,2024-05-10 14:12:00,,Medium,Integration,Open,,21,,2024-06-03 02:40:00
TCK-0000721,CUST-000550,2024-05-30 04:28:00,2024-06-05 20:51:00,Medium,Product Question,Closed,4.0,358,9623.0,2024-06-22 08:39:00
TCK-0000722,CUST-000508,2025-08-15 11:16:00,2025-08-18 09:12:00,Low,Login,Closed,3.0,48,4196.0,2025-09-11 03:22:00
TCK-0000723,CUST-000581,2025-12-21 16:28:00,2025-12-25 14:57:00,Medium,Reporting,Resolved,5.0,391,5669.0,2026-01-11 22:29:00
TCK-0000724,CUST-000099,2025-10-26 21:05:00,2025-10-31 07:53:00,High,Product Question,Resolved,2.0,264,6408.0,2025-11-03 17:51:00
TCK-0000725,CUST-000269,2025-05-31 00:36:00,2025-06-05 19:14:00,Medium,Reporting,Closed,3.0,282,8318.0,2025-06-07 01:06:00
TCK-0000726,CUST-000578,2025-12-16 07:16:00,2025-12-20 05:04:00,Low,Data Sync,Closed,3.0,302,5628.0,2025-12-31 03:42:00
TCK-0000727,CUST-000735,2024-12-16 18:03:00,2024-12-19 20:48:00,Critical,Reporting,Closed,2.0,363,4485.0,2024-12-22 16:05:00
TCK-0000728,CUST-000427,2025-07-15 07:17:00,2025-07-22 07:48:00,Medium,Login,Closed,4.0,448,10111.0,2025-07-31 04:34:00
TCK-0000729,CUST-000962,2025-11-25 03:23:00,2025-11-27 12:50:00,Low,Billing,Closed,1.0,253,3447.0,2025-12-17 02:12:00
TCK-0000730,CUST-000750,2025-12-27 02:58:00,2026-01-03 00:50:00,Critical,Product Question,Resolved,4.0,297,9952.0,2026-01-04 02:46:00
TCK-0000731,CUST-000466,2024-09-25 14:45:00,2024-09-30 18:17:00,Medium,Performance,Resolved,5.0,394,7412.0,2024-10-02 04:13:00
TCK-0000732,CUST-000980,2025-11-28 11:34:00,2025-11-29 23:02:00,Medium,Reporting,Resolved,2.0,384,2128.0,2025-12-02 19:37:00
TCK-0000733,CUST-000866,2024-12-14 06:11:00,2024-12-19 03:22:00,Low,Reporting,Resolved,2.0,217,7031.0,2024-12-30 18:04:00
TCK-0000734,CUST-000513,2025-12-13 18:23:00,2025-12-20 06:09:00,Critical,Performance,Closed,5.0,340,9346.0,2025-12-20 06:09:00
TCK-0000735,CUST-000035,2025-12-23 04:31:00,2025-12-24 04:10:00,Low,Product Question,Closed,2.0,55,1419.0,2026-01-19 15:52:00
TCK-0000736,CUST-000584,2025-09-14 15:31:00,2025-09-17 20:56:00,Medium,Login,Closed,5.0,210,4645.0,2025-09-24 05:03:00
TCK-0000737,CUST-000842,2025-07-03 21:43:00,2025-07-10 03:23:00,Medium,Data Sync,Closed,4.0,48,8980.0,2025-07-27 16:36:00
TCK-0000738,CUST-000898,2025-12-24 02:07:00,2025-12-27 11:46:00,Medium,Login,Resolved,5.0,164,4899.0,2026-01-05 17:57:00
TCK-0000739,CUST-000958,2025-03-23 11:14:00,2025-03-27 10:01:00,Low,Reporting,Closed,3.0,239,5687.0,2025-04-17 21:26:00
TCK-0000740,CUST-000073,2025-06-19 07:12:00,2025-06-24 16:31:00,Medium,Reporting,Closed,5.0,308,7759.0,2025-06-24 16:31:00
TCK-0000741,CUST-000851,2024-06-15 18:54:00,2024-06-16 09:53:00,Low,Data Sync,Closed,5.0,194,899.0,2024-06-22 11:17:00
TCK-0000742,CUST-000406,2025-09-13 07:48:00,2025-09-17 02:21:00,Low,Integration,Resolved,1.0,311,5433.0,2025-09-27 15:17:00
TCK-0000743,CUST-000088,2025-11-26 18:25:00,2025-11-27 01:25:00,Medium,Performance,Closed,2.0,32,420.0,2025-12-12 22:27:00
TCK-0000744,CUST-000434,2025-12-11 14:25:00,2025-12-16 18:23:00,Medium,Reporting,Closed,3.0,174,7438.0,2025-12-27 11:09:00
TCK-0000745,CUST-000637,2025-03-21 19:08:00,,Medium,Data Sync,Open,,41,,2025-04-11 10:26:00
TCK-0000746,CUST-000617,2025-12-28 18:55:00,2025-12-31 20:07:00,Medium,Data Sync,Resolved,1.0,150,4392.0,2026-01-12 01:03:00
TCK-0000747,CUST-000075,2025-10-15 16:55:00,2025-10-18 16:32:00,Low,Billing,Closed,5.0,144,4297.0,2025-11-08 00:21:00
TCK-0000748,CUST-000108,2024-09-16 23:50:00,2024-09-22 02:33:00,Low,Product Question,Closed,4.0,58,7363.0,2024-10-04 18:25:00
TCK-0000749,CUST-000068,2025-11-13 19:48:00,2025-11-19 14:56:00,Medium,Login,Closed,2.0,204,8348.0,2025-12-11 00:28:00
TCK-0000750,CUST-000078,2025-08-02 06:07:00,2025-08-05 17:43:00,High,Reporting,Resolved,5.0,50,5016.0,2025-08-05 17:43:00
TCK-0000751,CUST-000078,2025-06-04 02:34:00,2025-06-10 04:52:00,Medium,Integration,Closed,5.0,328,8778.0,2025-06-24 22:10:00
TCK-0000752,CUST-000193,2025-01-28 04:38:00,2025-01-29 00:38:00,Low,Product Question,Closed,3.0,46,1200.0,2025-02-23 15:16:00
TCK-0000753,CUST-000143,2025-12-11 10:23:00,2025-12-17 08:55:00,Low,Reporting,Closed,1.0,424,8552.0,2025-12-17 08:55:00
TCK-0000754,CUST-000758,2025-07-27 10:08:00,2025-07-31 20:31:00,Low,Integration,Closed,1.0,337,6383.0,2025-08-03 10:25:00
TCK-0000755,CUST-000537,2025-10-18 17:54:00,2025-10-20 05:28:00,Medium,Billing,Resolved,5.0,171,2134.0,2025-10-25 21:54:00
TCK-0000756,CUST-000568,2025-06-04 16:13:00,2025-06-09 14:05:00,Low,Performance,Closed,3.0,257,7072.0,2025-06-17 19:17:00
TCK-0000757,CUST-000747,2024-10-26 03:28:00,2024-10-31 04:47:00,Low,Reporting,Closed,3.0,245,7279.0,2024-11-10 14:24:00
TCK-0000758,CUST-000597,2025-01-13 17:14:00,2025-01-15 18:08:00,High,Login,Resolved,1.0,420,2934.0,2025-02-08 09:50:00
TCK-0000759,CUST-000163,2025-01-11 14:39:00,2025-01-18 10:46:00,Medium,Billing,Closed,1.0,100,9847.0,2025-01-23 02:52:00
TCK-0000760,CUST-000892,2025-03-14 19:55:00,2025-03-19 12:58:00,Low,Product Question,Closed,1.0,58,6783.0,2025-04-05 07:11:00
TCK-0000761,CUST-000007,2025-07-29 10:25:00,2025-07-30 15:43:00,Low,Reporting,Closed,4.0,209,1758.0,2025-08-23 14:31:00
TCK-0000762,CUST-000305,2025-11-17 07:29:00,2025-11-24 14:40:00,Critical,Product Question,Resolved,1.0,479,10511.0,2025-12-08 23:22:00
TCK-0000763,CUST-000427,2025-06-17 06:39:00,,Medium,Billing,Open,,143,,2025-07-14 19:41:00
TCK-0000764,CUST-000214,2024-12-23 20:11:00,2024-12-27 09:15:00,Low,Login,Closed,1.0,219,5104.0,2025-01-16 20:34:00
TCK-0000765,CUST-000426,2025-10-09 06:02:00,2025-10-15 18:52:00,Low,Product Question,Closed,1.0,404,9410.0,2025-10-20 10:00:00
TCK-0000766,CUST-000168,2025-12-12 16:04:00,2025-12-15 03:10:00,Medium,Performance,Resolved,5.0,378,3546.0,2026-01-10 16:18:00
TCK-0000767,CUST-000439,2025-09-11 11:00:00,,Medium,Product Question,In Progress,,95,,2025-10-09 19:53:00
TCK-0000768,CUST-000114,2025-11-10 00:27:00,,Medium,Integration,In Progress,,114,,2025-11-11 06:03:00
TCK-0000769,CUST-000558,2025-12-16 12:08:00,,Low,Performance,In Progress,,85,,2026-01-14 10:19:00
TCK-0000770,CUST-000561,2025-09-16 23:20:00,,High,Login,Open,,156,,2025-10-16 21:27:00
TCK-0000771,CUST-000972,2024-02-27 07:59:00,2024-02-28 23:49:00,Medium,Data Sync,Closed,2.0,120,2390.0,2024-03-23 18:37:00
TCK-0000772,CUST-000170,2025-12-30 06:04:00,2025-12-31 21:35:00,Medium,Performance,Resolved,2.0,62,2371.0,2026-01-27 07:12:00
TCK-0000773,CUST-000283,2025-10-15 12:11:00,2025-10-19 20:34:00,Low,Integration,Closed,2.0,32,6263.0,2025-11-09 11:05:00
TCK-0000774,CUST-000624,2025-11-28 01:48:00,2025-11-30 17:39:00,Low,Login,Closed,3.0,172,3831.0,2025-12-02 07:53:00
TCK-0000775,CUST-000571,2025-10-20 09:07:00,2025-10-23 12:02:00,Low,Login,Resolved,1.0,131,4495.0,2025-10-23 12:02:00
TCK-0000776,CUST-000597,2025-12-24 10:38:00,2025-12-24 18:26:00,Low,Login,Resolved,2.0,182,468.0,2026-01-02 06:53:00
TCK-0000777,CUST-000844,2025-12-28 09:46:00,2025-12-31 14:08:00,Low,Data Sync,Closed,5.0,140,4582.0,2025-12-31 14:08:00
TCK-0000778,CUST-000492,2025-06-19 12:49:00,2025-06-22 23:53:00,Medium,Billing,Resolved,2.0,159,4984.0,2025-07-09 07:17:00
TCK-0000779,CUST-000435,2025-07-14 11:39:00,2025-07-15 10:09:00,Medium,Billing,Closed,1.0,53,1350.0,2025-08-09 08:36:00
TCK-0000780,CUST-000344,2025-12-23 11:13:00,,Medium,Billing,In Progress,,435,,2026-01-18 21:09:00
TCK-0000781,CUST-000015,2025-06-16 07:42:00,2025-06-23 02:39:00,Medium,Performance,Closed,1.0,118,9777.0,2025-06-23 02:39:00
TCK-0000782,CUST-000399,2024-12-11 18:25:00,2024-12-15 07:49:00,Critical,Billing,Closed,4.0,408,5124.0,2024-12-28 00:48:00
TCK-0000783,CUST-000352,2025-10-20 08:08:00,2025-10-20 19:07:00,Low,Integration,Closed,1.0,352,659.0,2025-11-05 05:31:00
TCK-0000784,CUST-000724,2025-07-27 02:48:00,,Medium,Performance,In Progress,,55,,2025-08-11 12:09:00
TCK-0000785,CUST-000704,2025-10-12 16:13:00,2025-10-13 09:15:00,High,Data Sync,Resolved,4.0,221,1022.0,2025-11-08 16:26:00
TCK-0000786,CUST-000271,2024-11-08 19:29:00,2024-11-12 22:54:00,Medium,Integration,Resolved,2.0,191,5965.0,2024-11-12 22:54:00
TCK-0000787,CUST-000187,2025-06-01 00:11:00,2025-06-02 18:43:00,Low,Product Question,Resolved,4.0,237,2552.0,2025-06-03 03:18:00
TCK-0000788,CUST-000678,2025-12-24 11:38:00,,Medium,Product Question,Open,,155,,2026-01-15 04:49:00
TCK-0000789,CUST-000667,2024-07-13 02:17:00,2024-07-16 20:23:00,Medium,Performance,Closed,2.0,307,5406.0,2024-07-31 06:58:00
TCK-0000790,CUST-000288,2025-10-06 01:51:00,,High,Data Sync,In Progress,,446,,2025-10-21 01:22:00
TCK-0000791,CUST-000053,2025-10-06 18:30:00,2025-10-11 07:48:00,Medium,Data Sync,Closed,1.0,153,6558.0,2025-10-12 04:45:00
TCK-0000792,CUST-000488,2024-05-29 23:24:00,2024-06-05 21:25:00,Medium,Integration,Resolved,1.0,290,9961.0,2024-06-05 21:25:00
TCK-0000793,CUST-000672,2025-12-14 00:46:00,2025-12-15 16:30:00,High,Reporting,Resolved,4.0,155,2384.0,2026-01-01 21:04:00
TCK-0000794,CUST-000206,2025-10-22 21:27:00,,Medium,Reporting,In Progress,,427,,2025-11-19 06:19:00
TCK-0000795,CUST-000501,2025-06-07 06:14:00,,Low,Integration,Open,,152,,2025-07-05 18:11:00
TCK-0000796,CUST-000913,2025-02-12 07:37:00,,Low,Performance,In Progress,,201,,2025-02-19 10:32:00
TCK-0000797,CUST-000703,2024-07-22 10:52:00,2024-07-29 01:29:00,Low,Login,Resolved,4.0,158,9517.0,2024-08-08 21:50:00
TCK-0000798,CUST-000853,2024-09-21 12:07:00,2024-09-27 14:39:00,Low,Billing,Resolved,4.0,298,8792.0,2024-10-07 11:40:00
TCK-0000799,CUST-000028,2025-12-04 03:38:00,2025-12-08 02:29:00,Low,Integration,Closed,4.0,450,5691.0,2026-01-01 15:40:00
TCK-0000800,CUST-000938,2025-08-27 05:50:00,2025-09-02 23:32:00,Medium,Billing,Closed,1.0,70,9702.0,2025-09-21 06:20:00
TCK-0000801,CUST-000953,2025-12-11 11:09:00,2025-12-12 19:58:00,High,Integration,Resolved,2.0,160,1969.0,2025-12-15 04:44:00
TCK-0000802,CUST-000658,2024-10-02 12:10:00,2024-10-09 03:05:00,Medium,Data Sync,Closed,5.0,60,9535.0,2024-10-22 18:04:00
TCK-0000803,CUST-000581,2025-12-27 10:23:00,2025-12-29 18:34:00,Critical,Billing,Closed,5.0,264,3371.0,2026-01-20 21:55:00
TCK-0000804,CUST-000172,2025-07-05 05:58:00,2025-07-08 15:00:00,High,Integration,Closed,3.0,296,4862.0,2025-07-12 06:53:00
TCK-0000805,CUST-000669,2025-06-22 05:41:00,,Medium,Performance,Open,,333,,2025-07-02 16:06:00
TCK-0000806,CUST-000629,2025-07-09 08:53:00,2025-07-15 22:14:00,Low,Product Question,Closed,4.0,272,9441.0,2025-08-08 08:36:00
TCK-0000807,CUST-000816,2024-07-26 08:57:00,2024-07-28 15:39:00,Low,Product Question,Closed,3.0,364,3282.0,2024-08-06 12:42:00
TCK-0000808,CUST-000194,2024-10-04 06:33:00,,Low,Data Sync,Open,,429,,2024-10-07 01:25:00
TCK-0000809,CUST-000050,2025-11-06 05:00:00,2025-11-09 22:11:00,Low,Reporting,Closed,5.0,23,5351.0,2025-12-05 10:19:00
TCK-0000810,CUST-000469,2025-05-12 10:45:00,2025-05-13 05:49:00,Medium,Billing,Closed,4.0,331,1144.0,2025-06-05 14:39:00
TCK-0000811,CUST-000160,2025-08-17 20:46:00,2025-08-23 11:48:00,Critical,Billing,Closed,5.0,392,8102.0,2025-08-23 11:48:00
TCK-0000812,CUST-000874,2024-06-08 01:37:00,2024-06-08 10:01:00,Critical,Reporting,Resolved,4.0,106,504.0,2024-06-21 23:48:00
TCK-0000813,CUST-000158,2025-11-28 02:47:00,2025-11-29 10:14:00,Medium,Data Sync,Resolved,1.0,46,1887.0,2025-12-20 18:25:00
TCK-0000814,CUST-000187,2025-07-06 12:50:00,2025-07-09 12:25:00,Medium,Reporting,Closed,4.0,252,4295.0,2025-07-09 12:25:00
TCK-0000815,CUST-000158,2025-05-04 19:10:00,2025-05-08 01:05:00,High,Reporting,Resolved,2.0,250,4675.0,2025-05-18 00:22:00
TCK-0000816,CUST-000879,2025-11-18 05:16:00,,Critical,Billing,In Progress,,25,,2025-11-25 11:57:00
TCK-0000817,CUST-000088,2025-11-06 07:16:00,2025-11-06 20:49:00,High,Performance,Resolved,5.0,169,813.0,2025-11-10 03:09:00
TCK-0000818,CUST-000483,2025-03-20 04:03:00,2025-03-26 15:35:00,Medium,Integration,Closed,5.0,316,9332.0,2025-03-26 15:35:00
TCK-0000819,CUST-000921,2025-07-24 20:15:00,2025-07-25 05:34:00,Medium,Billing,Resolved,3.0,51,559.0,2025-08-10 15:54:00
TCK-0000820,CUST-000314,2025-01-24 08:23:00,2025-01-24 16:11:00,Low,Integration,Closed,3.0,63,468.0,2025-01-30 13:23:00
TCK-0000821,CUST-000349,2024-06-30 07:43:00,2024-07-05 14:07:00,Medium,Login,Closed,2.0,125,7584.0,2024-07-22 01:32:00
TCK-0000822,CUST-000675,2025-12-08 17:27:00,2025-12-10 18:34:00,Low,Reporting,Resolved,4.0,202,2947.0,2026-01-04 06:26:00
TCK-0000823,CUST-000114,2025-12-15 03:08:00,,Low,Reporting,Open,,214,,2025-12-30 10:00:00
TCK-0000824,CUST-000565,2025-06-12 08:32:00,2025-06-17 14:38:00,Medium,Login,Closed,2.0,23,7566.0,2025-06-21 03:06:00
TCK-0000825,CUST-000713,2025-12-31 08:46:00,2026-01-04 17:13:00,Medium,Reporting,Resolved,5.0,167,6267.0,2026-01-06 09:45:00
TCK-0000826,CUST-000409,2025-05-28 18:05:00,2025-05-31 12:47:00,Low,Reporting,Resolved,4.0,321,4002.0,2025-06-16 01:51:00
TCK-0000827,CUST-000367,2025-07-28 04:30:00,2025-07-30 13:33:00,Medium,Data Sync,Resolved,2.0,224,3423.0,2025-08-18 09:01:00
TCK-0000828,CUST-000153,2025-10-23 23:29:00,2025-10-28 10:28:00,Low,Product Question,Closed,2.0,329,6419.0,2025-10-29 23:09:00
TCK-0000829,CUST-000206,2025-08-05 09:31:00,2025-08-11 14:35:00,Low,Login,Closed,1.0,259,8944.0,2025-08-15 16:55:00
TCK-0000830,CUST-000299,2025-01-03 22:39:00,2025-01-06 19:06:00,Low,Performance,Resolved,3.0,74,4107.0,2025-01-11 07:00:00
TCK-0000831,CUST-000929,2025-07-19 03:56:00,,Medium,Performance,In Progress,,114,,2025-08-11 18:46:00
TCK-0000832,CUST-000155,2025-06-19 05:18:00,,Medium,Login,In Progress,,88,,2025-06-29 19:16:00
TCK-0000833,CUST-000848,2024-12-29 01:48:00,,Low,Reporting,Open,,310,,2025-01-17 00:58:00
TCK-0000834,CUST-000330,2024-12-19 22:20:00,,Low,Integration,In Progress,,158,,2025-01-17 08:46:00
TCK-0000835,CUST-000592,2025-10-30 15:19:00,2025-11-05 11:53:00,Low,Reporting,Closed,1.0,243,8434.0,2025-11-07 15:17:00
TCK-0000836,CUST-000795,2025-01-18 20:43:00,2025-01-22 23:11:00,Medium,Reporting,Closed,4.0,477,5908.0,2025-01-25 04:56:00
TCK-0000837,CUST-000498,2025-10-16 01:42:00,2025-10-18 03:39:00,Medium,Integration,Closed,3.0,61,2997.0,2025-10-26 22:05:00
TCK-0000838,CUST-000967,2025-08-22 00:40:00,2025-08-23 15:20:00,Medium,Billing,Resolved,2.0,426,2320.0,2025-09-10 17:45:00
TCK-0000839,CUST-000103,2025-04-07 12:23:00,2025-04-09 14:06:00,Critical,Reporting,Closed,5.0,282,2983.0,2025-04-19 03:53:00
TCK-0000840,CUST-000646,2024-11-18 23:18:00,,Medium,Integration,In Progress,,225,,2024-11-30 03:21:00
TCK-0000841,CUST-000482,2025-10-17 08:19:00,2025-10-24 05:53:00,Medium,Reporting,Closed,1.0,315,9934.0,2025-11-12 02:15:00
TCK-0000842,CUST-000522,2025-07-24 22:59:00,2025-07-27 09:47:00,Medium,Product Question,Closed,3.0,388,3528.0,2025-07-29 05:39:00
TCK-0000843,CUST-000413,2025-12-27 20:34:00,2026-01-03 13:02:00,High,Product Question,Closed,4.0,315,9628.0,2026-01-14 17:31:00
TCK-0000844,CUST-000839,2025-08-27 17:48:00,2025-09-03 05:31:00,Low,Billing,Closed,2.0,6,9343.0,2025-09-13 09:03:00
TCK-0000845,CUST-000504,2024-05-07 22:12:00,2024-05-08 08:19:00,Low,Integration,Closed,3.0,434,607.0,2024-05-20 11:50:00
TCK-0000846,CUST-000840,2025-12-17 14:28:00,2025-12-21 13:47:00,Medium,Product Question,Closed,1.0,60,5719.0,2025-12-28 18:56:00
TCK-0000847,CUST-000405,2025-10-22 14:50:00,2025-10-28 07:54:00,Medium,Reporting,Closed,3.0,229,8224.0,2025-11-11 04:29:00
TCK-0000848,CUST-000042,2025-11-22 23:45:00,2025-11-24 22:17:00,High,Reporting,Resolved,1.0,351,2792.0,2025-12-19 04:08:00
TCK-0000849,CUST-000532,2025-11-07 08:52:00,2025-11-14 11:49:00,Medium,Integration,Closed,5.0,387,10257.0,2025-11-14 11:49:00
TCK-0000850,CUST-000996,2025-07-02 04:41:00,2025-07-06 20:03:00,Low,Data Sync,Closed,1.0,430,6682.0,2025-07-29 23:12:00
TCK-0000851,CUST-000571,2025-10-15 12:44:00,2025-10-21 05:49:00,Low,Performance,Closed,1.0,304,8225.0,2025-10-21 05:49:00
TCK-0000852,CUST-000945,2025-09-01 18:35:00,,Medium,Billing,In Progress,,59,,2025-09-18 21:06:00
TCK-0000853,CUST-000085,2024-11-15 04:13:00,,Low,Login,Open,,180,,2024-11-27 01:55:00
TCK-0000854,CUST-000669,2025-09-24 21:42:00,2025-10-01 02:51:00,High,Performance,Closed,1.0,377,8949.0,2025-10-03 17:00:00
TCK-0000855,CUST-000210,2025-10-04 21:30:00,2025-10-06 00:45:00,Low,Integration,Closed,3.0,399,1635.0,2025-10-28 22:46:00
TCK-0000856,CUST-000051,2025-09-14 11:59:00,2025-09-21 10:56:00,Medium,Performance,Resolved,4.0,33,10017.0,2025-09-30 10:56:00
TCK-0000857,CUST-000458,2025-12-18 21:48:00,,Medium,Login,Open,,184,,2025-12-25 12:14:00
TCK-0000858,CUST-000652,2025-10-11 07:09:00,2025-10-15 17:54:00,Low,Performance,Closed,1.0,170,6405.0,2025-11-06 20:21:00
TCK-0000859,CUST-000904,2025-05-27 19:53:00,2025-06-03 18:30:00,Medium,Data Sync,Resolved,1.0,416,9997.0,2025-06-07 01:28:00
TCK-0000860,CUST-000553,2025-06-17 10:40:00,2025-06-20 17:45:00,Critical,Product Question,Resolved,4.0,369,4745.0,2025-07-07 16:30:00
TCK-0000861,CUST-000940,2024-08-20 20:01:00,2024-08-24 13:30:00,Low,Billing,Resolved,5.0,322,5369.0,2024-08-25 00:35:00
TCK-0000862,CUST-000581,2025-10-23 23:19:00,,Low,Billing,Open,,232,,2025-10-26 13:45:00
TCK-0000863,CUST-000568,2025-09-16 02:37:00,2025-09-17 17:02:00,Medium,Data Sync,Resolved,4.0,42,2305.0,2025-10-04 01:58:00
TCK-0000864,CUST-000201,2024-10-12 17:49:00,2024-10-13 18:43:00,High,Product Question,Closed,2.0,358,1494.0,2024-10-14 16:11:00
TCK-0000865,CUST-000573,2025-10-02 08:23:00,,Medium,Login,In Progress,,311,,2025-10-30 19:29:00
TCK-0000866,CUST-000982,2024-11-08 13:07:00,2024-11-13 19:28:00,Medium,Integration,Closed,3.0,139,7581.0,2024-11-13 19:28:00
TCK-0000867,CUST-000533,2025-12-26 17:12:00,2025-12-30 20:05:00,Low,Login,Closed,1.0,164,5933.0,2026-01-10 19:05:00
TCK-0000868,CUST-000627,2025-12-19 02:38:00,2025-12-21 07:11:00,Low,Performance,Resolved,3.0,322,3153.0,2026-01-05 02:17:00
TCK-0000869,CUST-000292,2025-12-28 17:56:00,,Low,Integration,Open,,24,,2026-01-23 06:26:00
TCK-0000870,CUST-000912,2025-01-16 16:36:00,2025-01-21 15:01:00,Medium,Reporting,Resolved,1.0,380,7105.0,2025-01-21 17:27:00
TCK-0000871,CUST-000456,2025-02-23 12:24:00,2025-02-26 17:56:00,High,Data Sync,Closed,5.0,285,4652.0,2025-03-23 09:17:00
TCK-0000872,CUST-000394,2024-09-05 06:20:00,2024-09-08 14:31:00,Medium,Data Sync,Closed,3.0,99,4811.0,2024-09-12 21:17:00
TCK-0000873,CUST-000570,2025-11-19 07:12:00,2025-11-26 02:32:00,Medium,Billing,Resolved,4.0,259,9800.0,2025-12-18 04:29:00
TCK-0000874,CUST-000680,2024-10-15 23:43:00,2024-10-17 20:09:00,Medium,Reporting,Closed,4.0,93,2666.0,2024-10-31 19:58:00
TCK-0000875,CUST-000867,2024-09-12 21:03:00,2024-09-13 12:32:00,Medium,Login,Closed,5.0,147,929.0,2024-09-20 22:52:00
TCK-0000876,CUST-000549,2024-12-17 12:24:00,,High,Product Question,In Progress,,26,,2025-01-03 12:01:00
TCK-0000877,CUST-000345,2025-12-13 19:24:00,2025-12-15 16:18:00,Medium,Billing,Closed,2.0,399,2694.0,2026-01-05 11:27:00
TCK-0000878,CUST-000309,2025-12-06 14:44:00,2025-12-12 21:18:00,Medium,Integration,Closed,5.0,186,9034.0,2025-12-31 08:32:00
TCK-0000879,CUST-000209,2025-09-23 13:46:00,2025-09-27 23:34:00,High,Billing,Resolved,5.0,328,6348.0,2025-10-01 21:47:00
TCK-0000880,CUST-000269,2024-05-09 23:59:00,2024-05-14 00:15:00,Critical,Performance,Closed,4.0,11,5776.0,2024-05-23 02:29:00
TCK-0000881,CUST-000149,2025-09-22 01:06:00,,Medium,Performance,Open,,414,,2025-10-07 04:47:00
TCK-0000882,CUST-000775,2025-04-15 18:03:00,2025-04-21 19:14:00,High,Login,Resolved,3.0,255,8711.0,2025-05-09 02:04:00
TCK-0000883,CUST-000317,2025-06-23 04:12:00,2025-06-28 14:53:00,High,Integration,Closed,5.0,82,7841.0,2025-07-13 22:28:00
TCK-0000884,CUST-000968,2025-06-03 11:40:00,2025-06-09 11:05:00,Medium,Login,Closed,2.0,136,8605.0,2025-06-09 11:05:00
TCK-0000885,CUST-000506,2025-01-01 13:02:00,2025-01-05 10:29:00,Low,Reporting,Resolved,5.0,196,5607.0,2025-01-05 10:29:00
TCK-0000886,CUST-000102,2025-10-05 13:13:00,2025-10-07 14:15:00,Medium,Integration,Resolved,3.0,474,2942.0,2025-10-21 19:35:00
TCK-0000887,CUST-000985,2025-12-18 18:22:00,2025-12-23 01:36:00,Low,Login,Resolved,3.0,433,6194.0,2026-01-11 19:06:00
TCK-0000888,CUST-000672,2025-09-27 21:42:00,2025-10-02 11:20:00,Low,Reporting,Resolved,5.0,419,6578.0,2025-10-10 18:58:00
TCK-0000889,CUST-000196,2025-09-23 04:38:00,,Medium,Data Sync,Open,,92,,2025-10-01 07:23:00
TCK-0000890,CUST-000756,2025-11-19 22:28:00,2025-11-27 01:45:00,High,Login,Closed,5.0,266,10277.0,2025-12-17 16:13:00
TCK-0000891,CUST-000049,2025-09-08 09:20:00,2025-09-11 07:28:00,Medium,Data Sync,Closed,5.0,20,4208.0,2025-09-16 03:45:00
TCK-0000892,CUST-000086,2025-08-17 11:37:00,2025-08-18 14:32:00,Medium,Billing,Closed,4.0,432,1615.0,2025-09-08 02:13:00
TCK-0000893,CUST-000272,2024-09-05 11:15:00,2024-09-10 20:20:00,High,Reporting,Closed,1.0,33,7745.0,2024-09-10 20:20:00
TCK-0000894,CUST-000697,2024-08-23 08:20:00,2024-08-28 04:50:00,Low,Login,Closed,1.0,462,6990.0,2024-09-13 02:14:00
TCK-0000895,CUST-000611,2025-12-14 09:53:00,2025-12-14 22:18:00,Medium,Login,Resolved,2.0,94,745.0,2025-12-28 04:23:00
TCK-0000896,CUST-000321,2025-08-25 18:45:00,2025-08-28 13:30:00,Medium,Data Sync,Closed,1.0,290,4005.0,2025-09-21 22:13:00
TCK-0000897,CUST-000955,2025-08-18 00:34:00,2025-08-19 00:31:00,Medium,Reporting,Closed,2.0,394,1437.0,2025-09-04 04:39:00
TCK-0000898,CUST-000729,2025-12-21 03:49:00,,High,Billing,Open,,174,,2025-12-28 14:11:00
TCK-0000899,CUST-000676,2025-12-07 12:11:00,2025-12-08 00:03:00,Medium,Billing,Closed,4.0,143,712.0,2025-12-22 16:57:00
TCK-0000900,CUST-000039,2025-12-25 09:32:00,2025-12-26 03:14:00,Low,Performance,Closed,5.0,424,1062.0,2026-01-17 03:10:00
TCK-0000901,CUST-000787,2025-06-18 16:18:00,,Medium,Performance,Open,,326,,2025-06-30 22:38:00
TCK-0000902,CUST-000138,2024-06-12 00:30:00,2024-06-14 02:13:00,Medium,Reporting,Closed,3.0,131,2983.0,2024-07-08 00:09:00
TCK-0000903,CUST-000619,2025-10-30 07:17:00,2025-11-04 10:50:00,Critical,Billing,Closed,2.0,7,7413.0,2025-11-24 18:08:00
TCK-0000904,CUST-000276,2025-04-08 20:07:00,2025-04-14 22:29:00,High,Integration,Resolved,3.0,160,8782.0,2025-05-08 14:53:00
TCK-0000905,CUST-000964,2025-02-06 06:09:00,,Low,Integration,In Progress,,125,,2025-02-21 23:46:00
TCK-0000906,CUST-000970,2025-11-30 01:10:00,2025-11-30 16:49:00,Low,Reporting,Resolved,1.0,313,939.0,2025-12-12 22:07:00
TCK-0000907,CUST-000588,2025-06-07 05:49:00,,Low,Billing,Open,,190,,2025-06-17 14:48:00
TCK-0000908,CUST-000500,2025-12-19 13:06:00,,High,Performance,In Progress,,20,,2026-01-08 12:33:00
TCK-0000909,CUST-000679,2025-04-11 13:59:00,,Low,Performance,Open,,314,,2025-04-27 19:32:00
TCK-0000910,CUST-000882,2025-08-14 23:51:00,2025-08-21 22:36:00,Medium,Data Sync,Resolved,4.0,60,10005.0,2025-08-21 22:36:00
TCK-0000911,CUST-000984,2025-10-21 23:14:00,2025-10-22 09:49:00,Low,Data Sync,Closed,1.0,62,635.0,2025-11-18 12:37:00
TCK-0000912,CUST-000927,2025-12-04 07:50:00,2025-12-05 13:10:00,Medium,Data Sync,Closed,1.0,268,1760.0,2025-12-21 02:17:00
TCK-0000913,CUST-000558,2025-10-23 03:05:00,2025-10-29 02:06:00,Medium,Reporting,Resolved,5.0,154,8581.0,2025-11-04 23:32:00
TCK-0000914,CUST-000115,2025-08-08 19:16:00,2025-08-14 04:37:00,Low,Integration,Closed,3.0,71,7761.0,2025-08-22 04:03:00
TCK-0000915,CUST-000237,2025-06-11 21:21:00,2025-06-18 16:50:00,Low,Reporting,Closed,2.0,313,9809.0,2025-06-21 04:04:00
TCK-0000916,CUST-000383,2025-12-23 03:14:00,2025-12-30 09:09:00,High,Reporting,Resolved,2.0,411,10435.0,2025-12-30 09:09:00
TCK-0000917,CUST-000950,2025-02-22 21:05:00,2025-02-23 10:42:00,Low,Product Question,Resolved,1.0,79,817.0,2025-02-25 00:42:00
TCK-0000918,CUST-000343,2025-12-04 03:06:00,2025-12-10 15:37:00,Low,Data Sync,Closed,5.0,420,9391.0,2025-12-31 15:51:00
TCK-0000919,CUST-000552,2025-06-03 15:23:00,2025-06-05 01:59:00,Low,Product Question,Resolved,5.0,38,2076.0,2025-06-26 02:40:00
TCK-0000920,CUST-000744,2025-12-20 05:25:00,,Medium,Billing,In Progress,,248,,2026-01-16 06:47:00
TCK-0000921,CUST-000808,2025-10-18 17:40:00,,High,Data Sync,Open,,347,,2025-11-08 20:34:00
TCK-0000922,CUST-000237,2025-02-09 19:15:00,2025-02-16 19:33:00,Low,Billing,Closed,5.0,48,10098.0,2025-03-10 13:24:00
TCK-0000923,CUST-000403,2025-12-10 19:45:00,,Critical,Data Sync,Open,,448,,2026-01-06 20:10:00
TCK-0000924,CUST-000890,2025-11-07 15:02:00,,Low,Login,Open,,138,,2025-11-13 00:43:00
TCK-0000925,CUST-000961,2025-12-16 12:34:00,2025-12-20 10:23:00,High,Billing,Closed,1.0,370,5629.0,2025-12-31 23:29:00
TCK-0000926,CUST-000584,2025-05-04 19:57:00,,Low,Billing,In Progress,,282,,2025-05-05 09:33:00
TCK-0000927,CUST-000789,2025-02-28 22:26:00,2025-03-06 11:53:00,Low,Performance,Closed,3.0,177,8007.0,2025-03-06 11:53:00
TCK-0000928,CUST-000507,2025-03-24 06:51:00,2025-03-28 02:28:00,Medium,Reporting,Resolved,5.0,31,5497.0,2025-04-15 13:39:00
TCK-0000929,CUST-000634,2025-03-16 04:31:00,2025-03-21 11:35:00,Low,Product Question,Closed,2.0,418,7624.0,2025-03-30 11:40:00
TCK-0000930,CUST-000986,2025-05-12 04:11:00,2025-05-13 01:23:00,Low,Data Sync,Closed,3.0,173,1272.0,2025-05-20 07:06:00
TCK-0000931,CUST-000766,2025-11-27 15:56:00,2025-12-02 21:53:00,Medium,Billing,Closed,5.0,244,7557.0,2025-12-11 08:37:00
TCK-0000932,CUST-000771,2025-07-31 13:08:00,2025-08-06 16:05:00,Low,Product Question,Closed,3.0,89,8817.0,2025-08-19 09:48:00
TCK-0000933,CUST-000820,2025-06-22 11:22:00,2025-06-25 16:14:00,Medium,Reporting,Resolved,5.0,199,4612.0,2025-07-17 01:44:00
TCK-0000934,CUST-000014,2025-12-16 00:50:00,2025-12-17 03:52:00,High,Reporting,Closed,4.0,278,1622.0,2026-01-01 01:08:00
TCK-0000935,CUST-000855,2025-10-18 05:44:00,2025-10-19 06:46:00,Low,Billing,Closed,3.0,470,1502.0,2025-11-02 03:08:00
TCK-0000936,CUST-000609,2025-06-07 11:41:00,2025-06-09 00:49:00,Low,Login,Resolved,4.0,419,2228.0,2025-06-24 20:04:00
TCK-0000937,CUST-000556,2025-02-24 07:48:00,2025-02-28 17:41:00,Medium,Product Question,Closed,4.0,454,6353.0,2025-02-28 17:41:00
TCK-0000938,CUST-000941,2025-09-30 23:00:00,2025-10-01 06:47:00,Medium,Reporting,Closed,5.0,431,467.0,2025-10-15 20:09:00
TCK-0000939,CUST-000703,2025-11-21 11:49:00,2025-11-28 13:43:00,Medium,Product Question,Closed,4.0,125,10194.0,2025-11-30 12:42:00
TCK-0000940,CUST-000589,2025-12-19 15:34:00,2025-12-22 08:12:00,Low,Integration,Closed,1.0,51,3878.0,2025-12-22 08:12:00
TCK-0000941,CUST-000969,2025-06-16 21:40:00,2025-06-20 12:06:00,Medium,Reporting,Closed,2.0,220,5186.0,2025-07-07 14:33:00
TCK-0000942,CUST-000569,2024-10-18 12:08:00,,Medium,Reporting,In Progress,,49,,2024-10-26 12:33:00
TCK-0000943,CUST-000573,2025-11-02 01:51:00,2025-11-07 03:39:00,Medium,Reporting,Resolved,2.0,326,7308.0,2025-11-21 15:03:00
TCK-0000944,CUST-000108,2024-05-21 04:42:00,2024-05-23 06:24:00,Low,Data Sync,Closed,2.0,349,2982.0,2024-06-17 20:36:00
TCK-0000945,CUST-000009,2025-12-23 06:22:00,,Low,Product Question,In Progress,,358,,2025-12-23 15:22:00
TCK-0000946,CUST-000388,2025-12-14 11:01:00,,Medium,Data Sync,Open,,7,,2025-12-27 03:24:00
TCK-0000947,CUST-000012,2025-07-29 00:22:00,,Low,Data Sync,Open,,8,,2025-08-06 15:16:00
TCK-0000948,CUST-000568,2025-11-10 13:12:00,2025-11-16 21:18:00,Low,Product Question,Resolved,4.0,241,9126.0,2025-11-20 01:19:00
TCK-0000949,CUST-000771,2025-06-01 18:22:00,2025-06-07 05:41:00,Medium,Performance,Resolved,5.0,203,7879.0,2025-07-01 01:04:00
TCK-0000950,CUST-000329,2024-03-19 12:02:00,2024-03-21 19:10:00,Medium,Integration,Closed,4.0,318,3308.0,2024-03-21 19:10:00
TCK-0000951,CUST-000047,2025-12-29 18:50:00,2026-01-03 18:01:00,Low,Product Question,Closed,5.0,344,7151.0,2026-01-15 18:32:00
TCK-0000952,CUST-000881,2024-09-19 13:05:00,2024-09-23 07:47:00,Medium,Product Question,Closed,3.0,189,5442.0,2024-09-30 16:20:00
TCK-0000953,CUST-000683,2025-02-01 20:38:00,2025-02-06 22:14:00,Medium,Billing,Resolved,3.0,388,7296.0,2025-02-06 22:14:00
TCK-0000954,CUST-000084,2025-09-14 23:11:00,2025-09-21 16:53:00,Low,Reporting,Closed,4.0,207,9702.0,2025-09-21 16:53:00
TCK-0000955,CUST-000891,2024-09-22 16:27:00,2024-09-23 11:09:00,Medium,Product Question,Closed,3.0,329,1122.0,2024-09-27 14:47:00
TCK-0000956,CUST-000455,2025-11-03 04:38:00,2025-11-04 14:56:00,Medium,Data Sync,Closed,3.0,214,2058.0,2025-11-18 19:37:00
TCK-0000957,CUST-000561,2025-06-02 18:12:00,2025-06-09 09:56:00,Critical,Integration,Resolved,5.0,42,9584.0,2025-06-09 09:56:00
TCK-0000958,CUST-000808,2025-06-21 09:33:00,2025-06-23 01:06:00,Critical,Integration,Resolved,2.0,145,2373.0,2025-07-12 04:08:00
TCK-0000959,CUST-000233,2025-11-21 21:16:00,2025-11-25 15:16:00,Medium,Performance,Resolved,1.0,464,5400.0,2025-11-27 03:49:00
TCK-0000960,CUST-000195,2025-09-03 03:33:00,2025-09-05 22:29:00,Low,Performance,Closed,4.0,204,4016.0,2025-09-05 22:29:00
TCK-0000961,CUST-000929,2025-04-15 13:58:00,2025-04-21 14:02:00,High,Reporting,Resolved,4.0,281,8644.0,2025-05-07 06:24:00
TCK-0000962,CUST-000111,2025-04-09 09:52:00,2025-04-11 09:17:00,Low,Billing,Closed,3.0,386,2845.0,2025-04-30 18:26:00
TCK-0000963,CUST-000506,2024-09-18 14:21:00,2024-09-19 21:09:00,Low,Login,Closed,1.0,265,1848.0,2024-09-25 16:18:00
TCK-0000964,CUST-000260,2025-12-30 02:18:00,2025-12-30 15:39:00,Low,Performance,Closed,3.0,402,801.0,2025-12-30 18:34:00
TCK-0000965,CUST-000179,2025-07-03 22:32:00,2025-07-06 04:13:00,Low,Login,Closed,3.0,69,3221.0,2025-07-16 05:32:00
TCK-0000966,CUST-000899,2025-09-17 08:30:00,2025-09-23 20:19:00,Medium,Login,Closed,5.0,289,9349.0,2025-10-07 20:45:00
TCK-0000967,CUST-000413,2025-11-20 06:35:00,2025-11-26 08:03:00,High,Product Question,Closed,2.0,192,8728.0,2025-11-26 08:03:00
TCK-0000968,CUST-000983,2025-10-13 09:17:00,,Low,Billing,Open,,149,,2025-10-18 00:36:00
TCK-0000969,CUST-000768,2025-12-29 07:50:00,2026-01-05 07:04:00,Low,Billing,Closed,4.0,187,10034.0,2026-01-15 23:54:00
TCK-0000970,CUST-000649,2025-12-05 17:27:00,2025-12-08 10:23:00,Low,Product Question,Resolved,2.0,197,3896.0,2025-12-16 04:07:00
TCK-0000971,CUST-000576,2025-02-03 09:31:00,2025-02-04 11:51:00,Low,Billing,Resolved,2.0,202,1580.0,2025-03-02 02:21:00
TCK-0000972,CUST-000148,2025-12-01 21:56:00,2025-12-02 20:02:00,Medium,Reporting,Closed,4.0,339,1326.0,2025-12-05 14:25:00
TCK-0000973,CUST-000562,2025-07-27 06:29:00,2025-07-29 14:56:00,Low,Product Question,Closed,2.0,424,3387.0,2025-08-18 11:39:00
TCK-0000974,CUST-000959,2025-12-30 12:08:00,2026-01-02 02:44:00,Medium,Performance,Resolved,2.0,230,3756.0,2026-01-16 03:17:00
TCK-0000975,CUST-000042,2025-12-06 19:25:00,2025-12-11 11:13:00,Medium,Data Sync,Closed,1.0,272,6708.0,2025-12-15 00:23:00
TCK-0000976,CUST-000843,2025-12-15 18:37:00,2025-12-16 14:16:00,Low,Data Sync,Closed,1.0,62,1179.0,2026-01-08 12:38:00
TCK-0000977,CUST-000420,2025-06-13 18:22:00,2025-06-17 11:55:00,Low,Reporting,Closed,1.0,205,5373.0,2025-06-20 22:53:00
TCK-0000978,CUST-000442,2025-05-08 09:44:00,2025-05-09 10:11:00,High,Product Question,Resolved,5.0,320,1467.0,2025-05-25 05:11:00
TCK-0000979,CUST-000688,2025-06-11 23:31:00,2025-06-16 14:28:00,Low,Login,Closed,2.0,383,6657.0,2025-06-25 12:09:00
TCK-0000980,CUST-000772,2025-07-02 06:47:00,2025-07-06 19:28:00,High,Login,Resolved,5.0,49,6521.0,2025-07-29 09:05:00
TCK-0000981,CUST-000171,2025-02-06 20:11:00,2025-02-11 20:00:00,High,Product Question,Closed,2.0,258,7189.0,2025-02-11 20:00:00
TCK-0000982,CUST-000713,2025-12-26 03:36:00,2025-12-29 14:11:00,High,Data Sync,Resolved,3.0,474,4955.0,2025-12-29 14:11:00
TCK-0000983,CUST-000982,2024-11-28 12:43:00,2024-12-01 15:25:00,Medium,Reporting,Closed,1.0,205,4482.0,2024-12-17 18:14:00
TCK-0000984,CUST-000234,2024-11-22 09:27:00,2024-11-24 10:16:00,Medium,Product Question,Closed,1.0,157,2929.0,2024-12-03 02:40:00
TCK-0000985,CUST-000027,2025-07-23 17:30:00,,Low,Reporting,Open,,339,,2025-08-22 09:41:00
TCK-0000986,CUST-000255,2025-05-03 18:11:00,2025-05-10 11:56:00,Low,Billing,Resolved,4.0,80,9705.0,2025-05-15 03:35:00
TCK-0000987,CUST-000263,2024-03-29 00:37:00,2024-03-29 23:26:00,Medium,Data Sync,Closed,5.0,295,1369.0,2024-04-12 00:49:00
TCK-0000988,CUST-000473,2025-03-30 14:24:00,2025-04-06 14:14:00,Low,Product Question,Closed,4.0,288,10070.0,2025-04-09 04:11:00
TCK-0000989,CUST-000036,2025-11-05 22:12:00,2025-11-09 22:28:00,Medium,Product Question,Resolved,2.0,188,5776.0,2025-11-22 06:08:00
TCK-0000990,CUST-000575,2025-12-14 05:14:00,2025-12-18 18:24:00,Medium,Performance,Resolved,2.0,363,6550.0,2025-12-26 20:20:00
TCK-0000991,CUST-000256,2025-09-29 18:45:00,2025-10-04 14:40:00,Low,Login,Closed,2.0,133,6955.0,2025-10-04 14:40:00
TCK-0000992,CUST-000560,2025-09-04 17:56:00,,Medium,Data Sync,In Progress,,346,,2025-09-21 21:28:00
TCK-0000993,CUST-000311,2025-01-11 00:38:00,2025-01-17 19:13:00,Medium,Integration,Closed,5.0,260,9755.0,2025-01-25 00:30:00
TCK-0000994,CUST-000907,2025-09-02 02:07:00,,Medium,Product Question,Open,,132,,2025-09-07 21:45:00
TCK-0000995,CUST-000481,2025-12-05 08:50:00,2025-12-08 13:38:00,Medium,Login,Closed,1.0,470,4608.0,2025-12-18 20:21:00
TCK-0000996,CUST-000985,2025-09-10 03:44:00,2025-09-12 21:55:00,Medium,Product Question,Closed,3.0,261,3971.0,2025-09-16 04:07:00
TCK-0000997,CUST-000864,2025-10-24 07:14:00,2025-10-30 20:10:00,Low,Integration,Closed,5.0,342,9416.0,2025-10-30 20:10:00
TCK-0000998,CUST-000741,2025-04-21 04:21:00,2025-04-24 19:30:00,Low,Integration,Closed,1.0,333,5229.0,2025-04-25 10:24:00
TCK-0000999,CUST-000301,2025-09-21 19:58:00,2025-09-24 01:16:00,Low,Reporting,Closed,2.0,439,3198.0,2025-10-15 10:51:00
TCK-0001000,CUST-000842,2025-07-31 16:24:00,2025-08-06 02:58:00,Low,Login,Resolved,5.0,391,7834.0,2025-08-09 14:31:00
TCK-0001001,CUST-000203,2024-11-26 04:25:00,2024-11-26 09:09:00,Medium,Reporting,Closed,3.0,92,284.0,2024-12-10 13:00:00
TCK-0001002,CUST-000808,2025-05-01 06:48:00,2025-05-06 15:27:00,Medium,Integration,Closed,2.0,235,7719.0,2025-05-20 15:15:00
TCK-0001003,CUST-000204,2024-12-15 16:37:00,,Low,Integration,Open,,330,,2025-01-03 00:54:00
TCK-0001004,CUST-000527,2025-02-26 21:10:00,,High,Reporting,In Progress,,8,,2025-03-14 07:42:00
TCK-0001005,CUST-000085,2025-04-17 23:51:00,2025-04-21 23:00:00,Low,Login,Closed,1.0,136,5709.0,2025-04-27 02:26:00
TCK-0001006,CUST-000567,2025-09-12 02:12:00,2025-09-16 00:20:00,Low,Reporting,Closed,1.0,205,5648.0,2025-09-20 16:59:00
TCK-0001007,CUST-000149,2025-10-07 14:59:00,2025-10-09 09:32:00,High,Billing,Closed,5.0,91,2553.0,2025-10-20 21:01:00
TCK-0001008,CUST-000852,2025-01-01 22:28:00,2025-01-08 22:50:00,Low,Product Question,Resolved,1.0,296,10102.0,2025-01-30 17:33:00
TCK-0001009,CUST-000297,2025-07-29 21:24:00,2025-08-02 12:07:00,Low,Integration,Resolved,4.0,148,5203.0,2025-08-10 10:53:00
TCK-0001010,CUST-000989,2025-11-04 00:07:00,2025-11-07 12:46:00,Low,Integration,Resolved,1.0,71,5079.0,2025-11-23 00:18:00
TCK-0001011,CUST-000231,2025-08-23 01:08:00,,Low,Reporting,Open,,235,,2025-09-01 15:28:00
TCK-0001012,CUST-000753,2025-07-25 22:00:00,2025-07-31 04:11:00,Low,Integration,Closed,3.0,444,7571.0,2025-08-03 00:06:00
TCK-0001013,CUST-000078,2025-01-08 05:36:00,,High,Billing,In Progress,,76,,2025-01-27 10:12:00
TCK-0001014,CUST-000562,2024-10-16 03:08:00,2024-10-17 16:40:00,Medium,Billing,Resolved,1.0,89,2252.0,2024-10-17 16:40:00
TCK-0001015,CUST-000959,2025-09-29 03:30:00,2025-10-02 01:56:00,Low,Billing,Resolved,4.0,58,4226.0,2025-10-08 05:55:00
TCK-0001016,CUST-000223,2024-09-12 00:33:00,2024-09-16 10:03:00,Medium,Reporting,Resolved,4.0,77,6330.0,2024-09-19 01:58:00
TCK-0001017,CUST-000078,2025-11-21 10:06:00,2025-11-23 07:17:00,Low,Performance,Closed,3.0,208,2711.0,2025-11-25 07:07:00
TCK-0001018,CUST-000603,2025-10-09 06:26:00,,Low,Product Question,Open,,5,,2025-10-23 21:48:00
TCK-0001019,CUST-000738,2024-12-08 01:39:00,2024-12-09 04:02:00,High,Reporting,Closed,3.0,65,1583.0,2024-12-13 23:09:00
TCK-0001020,CUST-000271,2024-11-04 08:04:00,2024-11-06 23:57:00,Low,Billing,Closed,5.0,123,3833.0,2024-11-10 12:30:00
TCK-0001021,CUST-000266,2024-05-31 07:12:00,,High,Login,Open,,5,,2024-06-19 00:26:00
TCK-0001022,CUST-000590,2025-02-26 17:38:00,2025-03-02 03:58:00,Low,Data Sync,Closed,5.0,402,4940.0,2025-03-08 10:32:00
TCK-0001023,CUST-000553,2024-10-16 04:40:00,,High,Billing,In Progress,,148,,2024-11-06 07:31:00
TCK-0001024,CUST-000267,2025-09-17 21:33:00,,Low,Billing,Open,,346,,2025-10-17 13:07:00
TCK-0001025,CUST-000002,2024-02-22 02:27:00,2024-02-27 21:01:00,Low,Reporting,Resolved,5.0,326,8314.0,2024-03-06 10:08:00
TCK-0001026,CUST-000390,2025-12-23 09:15:00,,Medium,Data Sync,Open,,76,,2026-01-20 10:55:00
TCK-0001027,CUST-000008,2025-01-27 23:14:00,2025-02-03 14:31:00,Low,Data Sync,Resolved,2.0,73,9557.0,2025-02-05 13:07:00
TCK-0001028,CUST-000809,2025-09-19 06:01:00,2025-09-20 06:46:00,Low,Integration,Resolved,3.0,448,1485.0,2025-10-04 12:59:00
TCK-0001029,CUST-000337,2024-12-14 19:59:00,2024-12-20 01:37:00,Low,Data Sync,Resolved,4.0,239,7538.0,2024-12-29 08:54:00
TCK-0001030,CUST-000077,2024-12-06 06:43:00,2024-12-06 21:04:00,Medium,Integration,Resolved,5.0,308,861.0,2024-12-31 09:59:00
TCK-0001031,CUST-000704,2025-09-26 01:41:00,2025-09-28 10:06:00,Low,Performance,Closed,3.0,336,3385.0,2025-10-05 01:35:00
TCK-0001032,CUST-000732,2025-09-09 21:01:00,2025-09-12 17:27:00,Medium,Product Question,Resolved,4.0,245,4106.0,2025-09-18 06:50:00
TCK-0001033,CUST-000973,2025-03-24 19:08:00,2025-03-26 09:43:00,Low,Product Question,Closed,2.0,314,2315.0,2025-04-08 09:01:00
TCK-0001034,CUST-000762,2025-12-14 01:17:00,,Low,Billing,Open,,64,,2026-01-05 10:16:00
TCK-0001035,CUST-000453,2024-05-16 12:01:00,2024-05-19 08:36:00,Medium,Billing,Resolved,2.0,435,4115.0,2024-06-13 01:29:00
TCK-0001036,CUST-000365,2025-12-29 10:25:00,2026-01-04 02:54:00,High,Integration,Closed,3.0,427,8189.0,2026-01-25 07:12:00
TCK-0001037,CUST-000681,2024-10-31 16:53:00,,Medium,Product Question,In Progress,,366,,2024-11-01 14:45:00
TCK-0001038,CUST-000184,2025-08-14 05:17:00,,Medium,Integration,In Progress,,290,,2025-09-08 05:07:00
TCK-0001039,CUST-000567,2025-11-23 07:33:00,2025-11-29 03:04:00,Medium,Product Question,Resolved,5.0,208,8371.0,2025-12-01 10:51:00
TCK-0001040,CUST-000327,2024-11-30 08:33:00,2024-12-02 03:11:00,Low,Billing,Closed,5.0,70,2558.0,2024-12-19 08:12:00
TCK-0001041,CUST-000940,2024-08-04 19:46:00,,Low,Reporting,Open,,174,,2024-08-27 10:09:00
TCK-0001042,CUST-000179,2025-10-03 06:15:00,,Medium,Reporting,Open,,234,,2025-10-28 02:21:00
TCK-0001043,CUST-000562,2025-05-14 06:46:00,2025-05-16 11:49:00,Critical,Product Question,Closed,5.0,374,3183.0,2025-05-21 23:05:00
TCK-0001044,CUST-000284,2025-12-01 18:44:00,2025-12-05 05:36:00,Medium,Reporting,Closed,4.0,22,4972.0,2025-12-05 05:36:00
TCK-0001045,CUST-000275,2025-02-14 04:25:00,,Low,Reporting,In Progress,,210,,2025-03-12 14:56:00
TCK-0001046,CUST-000698,2025-06-26 06:03:00,,Low,Product Question,Open,,41,,2025-07-07 19:36:00
TCK-0001047,CUST-000706,2025-01-11 09:52:00,,High,Product Question,In Progress,,302,,2025-02-02 23:08:00
TCK-0001048,CUST-000838,2025-11-14 21:36:00,2025-11-19 10:12:00,High,Product Question,Resolved,4.0,93,6516.0,2025-12-07 23:04:00
TCK-0001049,CUST-000860,2025-12-24 08:21:00,2025-12-27 21:34:00,Medium,Data Sync,Closed,3.0,242,5113.0,2026-01-12 16:23:00
TCK-0001050,CUST-000886,2024-11-14 16:57:00,2024-11-20 00:21:00,Medium,Billing,Resolved,5.0,207,7644.0,2024-11-26 21:48:00
TCK-0001051,CUST-000849,2025-11-03 06:56:00,2025-11-03 23:01:00,Medium,Reporting,Closed,1.0,256,965.0,2025-11-06 12:09:00
TCK-0001052,CUST-000124,2025-07-25 07:01:00,2025-07-31 10:21:00,Critical,Login,Resolved,3.0,393,8840.0,2025-07-31 10:21:00
TCK-0001053,CUST-000802,2025-07-30 23:13:00,2025-08-06 17:27:00,Medium,Login,Closed,3.0,92,9734.0,2025-08-18 23:16:00
TCK-0001054,CUST-000893,2024-12-26 01:34:00,,Medium,Integration,Open,,323,,2025-01-18 06:57:00
TCK-0001055,CUST-000093,2025-09-26 03:18:00,2025-10-03 02:02:00,High,Reporting,Resolved,5.0,181,10004.0,2025-10-11 00:14:00
TCK-0001056,CUST-000814,2025-12-16 04:07:00,2025-12-17 11:57:00,Low,Reporting,Closed,2.0,330,1910.0,2026-01-03 11:38:00
TCK-0001057,CUST-000466,2025-08-11 03:52:00,2025-08-14 23:38:00,Medium,Data Sync,Closed,4.0,148,5506.0,2025-08-24 10:46:00
TCK-0001058,CUST-000364,2025-09-09 12:29:00,2025-09-16 01:43:00,Medium,Integration,Resolved,3.0,40,9434.0,2025-09-25 05:50:00
TCK-0001059,CUST-000429,2025-10-11 03:54:00,,Low,Integration,Open,,160,,2025-11-08 01:42:00
TCK-0001060,CUST-000455,2025-11-06 19:49:00,,Low,Login,In Progress,,99,,2025-11-16 23:47:00
TCK-0001061,CUST-000985,2025-06-18 15:57:00,,Low,Reporting,Open,,253,,2025-07-15 11:28:00
TCK-0001062,CUST-000876,2025-04-12 09:12:00,2025-04-14 13:11:00,Critical,Performance,Closed,3.0,215,3119.0,2025-04-15 07:21:00
TCK-0001063,CUST-000148,2025-12-26 10:17:00,2025-12-31 05:28:00,Medium,Product Question,Resolved,5.0,420,6911.0,2025-12-31 05:28:00
TCK-0001064,CUST-000913,2025-09-06 09:36:00,2025-09-07 03:02:00,Medium,Reporting,Resolved,2.0,450,1046.0,2025-10-02 07:25:00
TCK-0001065,CUST-000460,2025-09-21 11:47:00,2025-09-23 05:35:00,Medium,Integration,Closed,1.0,86,2508.0,2025-10-07 04:30:00
TCK-0001066,CUST-000865,2024-10-23 21:57:00,2024-10-29 02:11:00,Medium,Reporting,Closed,3.0,302,7454.0,2024-10-29 22:23:00
TCK-0001067,CUST-000731,2025-12-22 06:25:00,2025-12-23 06:16:00,High,Billing,Resolved,5.0,70,1431.0,2025-12-23 06:24:00
TCK-0001068,CUST-000708,2024-11-13 10:14:00,,Low,Data Sync,In Progress,,104,,2024-12-02 11:00:00
TCK-0001069,CUST-000065,2025-10-07 08:15:00,2025-10-11 08:00:00,Medium,Integration,Closed,2.0,119,5745.0,2025-10-19 23:01:00
TCK-0001070,CUST-000397,2025-11-24 04:05:00,2025-11-29 11:46:00,Low,Integration,Resolved,3.0,7,7661.0,2025-12-02 23:33:00
TCK-0001071,CUST-000894,2025-12-31 14:31:00,2026-01-04 10:06:00,Medium,Integration,Closed,5.0,221,5495.0,2026-01-30 07:18:00
TCK-0001072,CUST-000336,2025-11-16 04:23:00,2025-11-16 17:28:00,Medium,Product Question,Closed,1.0,35,785.0,2025-11-23 01:56:00
TCK-0001073,CUST-000707,2025-10-18 17:16:00,2025-10-22 23:44:00,Medium,Data Sync,Closed,4.0,179,6148.0,2025-11-14 00:34:00
TCK-0001074,CUST-000359,2025-09-03 20:24:00,,Low,Performance,Open,,88,,2025-09-17 06:07:00
TCK-0001075,CUST-000137,2025-10-22 15:19:00,2025-10-25 17:44:00,Critical,Reporting,Closed,2.0,475,4465.0,2025-10-28 13:17:00
TCK-0001076,CUST-000428,2024-10-21 11:31:00,2024-10-24 00:44:00,Low,Data Sync,Resolved,5.0,303,3673.0,2024-11-12 10:46:00
TCK-0001077,CUST-000686,2025-03-01 17:06:00,2025-03-07 11:03:00,High,Integration,Closed,3.0,36,8277.0,2025-03-27 00:07:00
TCK-0001078,CUST-000926,2025-03-04 18:48:00,2025-03-09 08:09:00,Low,Integration,Closed,1.0,73,6561.0,2025-03-11 16:49:00
TCK-0001079,CUST-000637,2024-10-25 11:58:00,2024-10-26 01:13:00,Low,Integration,Resolved,3.0,417,795.0,2024-11-11 17:56:00
TCK-0001080,CUST-000465,2025-03-26 13:44:00,2025-03-31 13:27:00,Low,Reporting,Closed,5.0,24,7183.0,2025-03-31 13:27:00
TCK-0001081,CUST-000122,2025-12-16 07:39:00,2025-12-18 13:28:00,Low,Integration,Closed,5.0,274,3229.0,2026-01-04 21:55:00
TCK-0001082,CUST-000868,2024-10-02 05:02:00,2024-10-09 01:03:00,Medium,Data Sync,Resolved,2.0,277,9841.0,2024-10-16 18:16:00
TCK-0001083,CUST-000965,2025-09-04 01:25:00,2025-09-07 11:12:00,High,Data Sync,Closed,2.0,342,4907.0,2025-09-29 06:59:00
TCK-0001084,CUST-000519,2025-11-14 05:58:00,2025-11-16 18:12:00,Medium,Performance,Closed,1.0,89,3614.0,2025-11-30 16:35:00
TCK-0001085,CUST-000508,2025-10-10 08:08:00,2025-10-11 13:05:00,Medium,Performance,Resolved,1.0,475,1737.0,2025-10-17 17:48:00
TCK-0001086,CUST-000818,2025-12-27 03:17:00,2025-12-28 03:16:00,Low,Login,Resolved,4.0,111,1439.0,2026-01-15 20:04:00
TCK-0001087,CUST-000536,2025-12-19 20:57:00,,High,Data Sync,In Progress,,50,,2025-12-31 05:27:00
TCK-0001088,CUST-000135,2025-09-15 02:25:00,2025-09-22 03:37:00,Low,Login,Closed,5.0,463,10152.0,2025-09-28 15:04:00
TCK-0001089,CUST-000684,2025-12-20 07:58:00,2025-12-23 09:04:00,Medium,Data Sync,Resolved,1.0,376,4386.0,2026-01-07 13:11:00
TCK-0001090,CUST-000192,2025-02-10 14:40:00,2025-02-14 21:11:00,High,Product Question,Closed,5.0,391,6151.0,2025-02-22 05:30:00
TCK-0001091,CUST-000202,2024-03-24 03:44:00,2024-03-31 03:20:00,Low,Performance,Closed,4.0,432,10056.0,2024-03-31 03:20:00
TCK-0001092,CUST-000246,2025-09-12 18:58:00,,Low,Integration,Open,,401,,2025-09-17 08:52:00
TCK-0001093,CUST-000594,2025-12-12 16:14:00,,High,Product Question,In Progress,,468,,2026-01-10 12:56:00
TCK-0001094,CUST-000176,2025-07-20 16:26:00,2025-07-26 12:23:00,Low,Billing,Closed,1.0,20,8397.0,2025-07-29 16:35:00
TCK-0001095,CUST-000326,2025-10-19 18:28:00,2025-10-23 11:43:00,Low,Login,Closed,5.0,131,5355.0,2025-11-13 13:03:00
TCK-0001096,CUST-000829,2025-04-15 21:41:00,2025-04-19 16:09:00,High,Integration,Resolved,5.0,466,5428.0,2025-04-23 08:32:00
TCK-0001097,CUST-000880,2025-12-19 12:36:00,2025-12-22 18:31:00,Low,Integration,Resolved,2.0,241,4675.0,2026-01-10 01:57:00
TCK-0001098,CUST-000315,2025-12-16 21:45:00,,Medium,Performance,Open,,233,,2025-12-20 21:07:00
TCK-0001099,CUST-000896,2025-03-23 22:32:00,2025-03-28 08:29:00,Medium,Login,Closed,1.0,226,6357.0,2025-03-31 09:45:00
TCK-0001100,CUST-000332,2025-10-08 22:42:00,2025-10-11 02:05:00,Low,Reporting,Resolved,2.0,46,3083.0,2025-11-06 14:10:00
TCK-0001101,CUST-000757,2025-10-10 20:59:00,2025-10-16 01:59:00,Low,Product Question,Closed,3.0,264,7500.0,2025-11-07 05:30:00
TCK-0001102,CUST-000029,2025-09-29 18:27:00,,Medium,Performance,Open,,154,,2025-10-05 06:30:00
TCK-0001103,CUST-000170,2025-12-19 23:31:00,2025-12-22 08:45:00,Low,Billing,Resolved,1.0,152,3434.0,2026-01-03 23:21:00
TCK-0001104,CUST-000318,2025-03-23 11:28:00,2025-03-28 15:49:00,Medium,Billing,Resolved,2.0,53,7461.0,2025-04-09 15:22:00
TCK-0001105,CUST-000472,2025-07-21 04:37:00,2025-07-22 16:13:00,High,Performance,Closed,2.0,373,2136.0,2025-08-16 02:00:00
TCK-0001106,CUST-000550,2025-08-03 08:20:00,2025-08-05 05:37:00,Low,Reporting,Closed,3.0,160,2717.0,2025-08-15 10:25:00
TCK-0001107,CUST-000963,2025-12-21 06:17:00,2025-12-26 05:21:00,Low,Data Sync,Closed,1.0,248,7144.0,2026-01-16 18:45:00
TCK-0001108,CUST-000056,2025-10-07 01:53:00,2025-10-11 14:46:00,Medium,Performance,Closed,5.0,65,6533.0,2025-10-23 12:25:00
TCK-0001109,CUST-000362,2025-10-17 12:21:00,2025-10-23 16:27:00,Medium,Data Sync,Closed,1.0,48,8886.0,2025-10-26 10:24:00
TCK-0001110,CUST-000409,2025-03-18 22:27:00,2025-03-19 18:13:00,Medium,Reporting,Closed,4.0,123,1186.0,2025-04-05 11:34:00
TCK-0001111,CUST-000325,2025-08-09 21:19:00,2025-08-14 20:57:00,Medium,Performance,Closed,3.0,88,7178.0,2025-08-14 20:57:00
TCK-0001112,CUST-000493,2025-11-27 06:51:00,2025-11-28 19:43:00,High,Integration,Closed,3.0,37,2212.0,2025-12-12 21:22:00
TCK-0001113,CUST-000219,2024-08-05 09:34:00,2024-08-08 00:34:00,Medium,Integration,Closed,2.0,306,3780.0,2024-08-08 00:34:00
TCK-0001114,CUST-000435,2025-06-12 03:41:00,2025-06-13 02:48:00,Medium,Product Question,Closed,3.0,126,1387.0,2025-06-22 01:09:00
TCK-0001115,CUST-000073,2024-12-10 10:27:00,2024-12-12 20:01:00,Low,Integration,Closed,3.0,281,3454.0,2024-12-31 15:51:00
TCK-0001116,CUST-000156,2025-01-12 02:02:00,2025-01-13 15:21:00,Low,Login,Resolved,2.0,166,2239.0,2025-01-22 07:19:00
TCK-0001117,CUST-000076,2025-01-15 02:28:00,,Medium,Login,In Progress,,362,,2025-02-13 19:59:00
TCK-0001118,CUST-000608,2024-07-20 05:52:00,2024-07-21 17:24:00,Low,Performance,Closed,5.0,439,2132.0,2024-07-25 08:36:00
TCK-0001119,CUST-000175,2024-09-09 17:15:00,2024-09-14 02:16:00,Low,Integration,Closed,3.0,458,6301.0,2024-10-06 13:02:00
TCK-0001120,CUST-000865,2025-08-30 20:30:00,2025-09-04 23:05:00,Low,Data Sync,Closed,3.0,94,7355.0,2025-09-12 06:00:00
TCK-0001121,CUST-000412,2025-11-01 20:28:00,2025-11-04 21:08:00,High,Login,Closed,3.0,314,4360.0,2025-11-21 09:10:00
TCK-0001122,CUST-000256,2025-08-28 22:46:00,2025-09-04 15:14:00,Medium,Billing,Closed,5.0,398,9628.0,2025-09-08 19:26:00
TCK-0001123,CUST-000562,2025-05-22 02:46:00,2025-05-23 06:08:00,High,Reporting,Closed,3.0,322,1642.0,2025-06-06 00:41:00
TCK-0001124,CUST-000055,2025-09-18 06:00:00,2025-09-25 06:55:00,Low,Login,Resolved,5.0,393,10135.0,2025-10-18 00:33:00
TCK-0001125,CUST-000530,2025-09-01 12:45:00,2025-09-05 19:03:00,Medium,Reporting,Closed,2.0,96,6138.0,2025-09-07 07:19:00
TCK-0001126,CUST-000549,2025-08-01 20:08:00,2025-08-04 18:40:00,Medium,Integration,Closed,3.0,271,4232.0,2025-08-04 18:40:00
TCK-0001127,CUST-000427,2024-10-30 02:01:00,2024-10-30 07:25:00,High,Data Sync,Closed,5.0,13,324.0,2024-11-15 15:06:00
TCK-0001128,CUST-000749,2025-03-19 14:06:00,2025-03-25 18:06:00,Medium,Integration,Closed,1.0,212,8880.0,2025-04-05 22:03:00
TCK-0001129,CUST-000870,2025-07-09 03:27:00,2025-07-15 18:53:00,Low,Performance,Closed,5.0,57,9566.0,2025-08-04 12:33:00
TCK-0001130,CUST-000724,2025-09-14 06:56:00,2025-09-15 02:00:00,Medium,Product Question,Closed,5.0,195,1144.0,2025-10-13 23:24:00
TCK-0001131,CUST-000828,2025-11-29 16:56:00,2025-12-01 19:16:00,Low,Performance,Closed,3.0,330,3020.0,2025-12-17 07:38:00
TCK-0001132,CUST-000420,2024-11-11 07:03:00,2024-11-15 14:08:00,Low,Billing,Resolved,2.0,437,6185.0,2024-12-09 03:03:00
TCK-0001133,CUST-000393,2025-03-29 17:54:00,2025-04-01 04:16:00,High,Product Question,Closed,5.0,96,3502.0,2025-04-01 14:12:00
TCK-0001134,CUST-000051,2024-07-21 09:34:00,2024-07-25 23:05:00,Medium,Integration,Closed,2.0,458,6571.0,2024-08-11 04:57:00
TCK-0001135,CUST-000510,2024-11-29 22:57:00,2024-12-04 02:52:00,Medium,Product Question,Closed,4.0,50,5995.0,2024-12-15 20:01:00
TCK-0001136,CUST-000948,2025-12-05 03:25:00,2025-12-08 06:14:00,High,Product Question,Resolved,2.0,338,4489.0,2025-12-17 01:12:00
TCK-0001137,CUST-000886,2025-04-23 05:06:00,,High,Product Question,Open,,438,,2025-05-18 18:01:00
TCK-0001138,CUST-000116,2025-10-20 15:35:00,2025-10-21 02:46:00,Medium,Billing,Closed,5.0,415,671.0,2025-11-11 11:06:00
TCK-0001139,CUST-000188,2025-11-06 23:25:00,2025-11-11 12:29:00,High,Reporting,Resolved,2.0,181,6544.0,2025-11-11 12:29:00
TCK-0001140,CUST-000896,2025-02-21 00:48:00,2025-02-23 14:54:00,Medium,Reporting,Closed,4.0,377,3726.0,2025-03-21 03:01:00
TCK-0001141,CUST-000353,2025-07-06 14:27:00,2025-07-08 09:12:00,High,Performance,Closed,3.0,324,2565.0,2025-07-21 11:54:00
TCK-0001142,CUST-000573,2025-10-04 21:22:00,2025-10-05 04:26:00,Medium,Data Sync,Closed,4.0,344,424.0,2025-10-21 03:46:00
TCK-0001143,CUST-000600,2025-11-23 20:08:00,2025-11-24 07:27:00,High,Data Sync,Resolved,1.0,366,679.0,2025-11-29 04:10:00
TCK-0001144,CUST-000415,2025-08-31 18:10:00,2025-09-06 12:02:00,High,Product Question,Closed,1.0,119,8272.0,2025-09-11 01:12:00
TCK-0001145,CUST-000447,2025-09-29 12:02:00,2025-10-05 12:20:00,Low,Login,Closed,5.0,186,8658.0,2025-10-20 21:16:00
TCK-0001146,CUST-000843,2025-08-25 08:14:00,,High,Data Sync,Open,,201,,2025-08-25 17:44:00
TCK-0001147,CUST-000558,2025-10-21 15:01:00,2025-10-27 23:01:00,Medium,Product Question,Closed,2.0,303,9120.0,2025-11-02 09:03:00
TCK-0001148,CUST-000982,2024-02-24 11:52:00,2024-02-26 01:14:00,Medium,Product Question,Resolved,2.0,123,2242.0,2024-03-10 16:19:00
TCK-0001149,CUST-000041,2025-06-17 07:40:00,2025-06-18 19:58:00,Medium,Performance,Closed,4.0,68,2178.0,2025-07-14 18:12:00
TCK-0001150,CUST-000124,2025-09-25 09:57:00,2025-10-01 01:43:00,High,Performance,Resolved,1.0,362,8146.0,2025-10-01 01:43:00
TCK-0001151,CUST-000490,2025-05-17 03:24:00,2025-05-20 14:29:00,Medium,Billing,Resolved,4.0,179,4985.0,2025-06-12 15:31:00
TCK-0001152,CUST-000674,2025-08-20 22:50:00,2025-08-27 07:07:00,Medium,Data Sync,Closed,4.0,148,9137.0,2025-08-30 12:13:00
TCK-0001153,CUST-000958,2025-09-20 03:55:00,2025-09-20 19:40:00,Critical,Performance,Closed,4.0,478,945.0,2025-09-27 23:51:00
TCK-0001154,CUST-000939,2025-12-12 11:46:00,2025-12-14 18:13:00,High,Performance,Closed,1.0,339,3267.0,2025-12-31 04:02:00
TCK-0001155,CUST-000941,2025-06-18 10:23:00,,Medium,Product Question,Open,,339,,2025-07-01 10:30:00
TCK-0001156,CUST-000451,2025-09-25 22:43:00,2025-09-30 14:31:00,Medium,Data Sync,Closed,5.0,162,6708.0,2025-10-04 06:42:00
TCK-0001157,CUST-000696,2025-11-03 11:51:00,2025-11-08 16:35:00,Low,Product Question,Closed,5.0,66,7484.0,2025-11-09 22:51:00
TCK-0001158,CUST-000276,2025-07-02 18:44:00,2025-07-04 13:31:00,Medium,Data Sync,Closed,4.0,34,2567.0,2025-07-09 11:54:00
TCK-0001159,CUST-000935,2025-08-31 13:28:00,2025-09-06 15:09:00,Critical,Product Question,Resolved,1.0,372,8741.0,2025-09-07 09:50:00
TCK-0001160,CUST-000855,2025-07-28 18:37:00,2025-07-29 13:20:00,Low,Login,Closed,3.0,428,1123.0,2025-08-15 10:31:00
TCK-0001161,CUST-000758,2025-12-16 09:28:00,2025-12-16 18:14:00,High,Login,Closed,3.0,406,526.0,2025-12-30 03:42:00
TCK-0001162,CUST-000673,2025-11-19 17:01:00,2025-11-23 21:34:00,Medium,Integration,Closed,3.0,202,6033.0,2025-11-23 21:34:00
TCK-0001163,CUST-000189,2025-05-30 21:39:00,2025-06-06 16:25:00,Low,Product Question,Closed,4.0,185,9766.0,2025-06-07 00:22:00
TCK-0001164,CUST-000702,2025-10-14 16:14:00,,High,Integration,Open,,114,,2025-11-11 12:42:00
TCK-0001165,CUST-000687,2025-05-18 09:59:00,2025-05-22 19:48:00,Medium,Billing,Resolved,4.0,419,6349.0,2025-06-11 21:23:00
TCK-0001166,CUST-000307,2025-06-03 09:31:00,,Medium,Billing,Open,,259,,2025-07-02 21:29:00
TCK-0001167,CUST-000991,2025-07-19 12:09:00,2025-07-20 06:32:00,Medium,Data Sync,Resolved,4.0,59,1103.0,2025-08-09 06:59:00
TCK-0001168,CUST-000348,2025-08-29 02:26:00,2025-09-04 20:32:00,Low,Performance,Resolved,4.0,68,9726.0,2025-09-27 18:38:00
TCK-0001169,CUST-000655,2025-09-21 04:08:00,,Medium,Billing,Open,,32,,2025-10-11 18:12:00
TCK-0001170,CUST-000976,2025-06-30 12:05:00,2025-07-01 18:26:00,Medium,Data Sync,Closed,4.0,10,1821.0,2025-07-01 18:26:00
TCK-0001171,CUST-000806,2025-12-22 06:18:00,2025-12-26 01:33:00,Critical,Product Question,Resolved,5.0,340,5475.0,2026-01-07 21:59:00
TCK-0001172,CUST-000776,2025-04-28 18:47:00,2025-04-29 20:40:00,Medium,Product Question,Closed,2.0,16,1553.0,2025-04-29 20:40:00
TCK-0001173,CUST-000695,2025-12-30 08:27:00,2025-12-30 19:53:00,Medium,Reporting,Closed,1.0,354,686.0,2026-01-03 11:28:00
TCK-0001174,CUST-000067,2025-07-18 02:57:00,2025-07-19 20:54:00,High,Performance,Closed,5.0,475,2517.0,2025-07-21 05:14:00
TCK-0001175,CUST-000038,2025-07-06 10:50:00,2025-07-12 18:39:00,High,Integration,Closed,5.0,399,9109.0,2025-07-12 18:39:00
TCK-0001176,CUST-000727,2024-04-21 11:21:00,2024-04-25 00:09:00,Medium,Reporting,Closed,2.0,382,5088.0,2024-05-18 23:45:00
TCK-0001177,CUST-000019,2025-08-15 06:46:00,2025-08-17 22:58:00,High,Reporting,Closed,4.0,377,3852.0,2025-08-20 03:33:00
TCK-0001178,CUST-000674,2025-06-12 06:05:00,2025-06-14 18:37:00,Medium,Performance,Resolved,4.0,406,3632.0,2025-07-08 08:02:00
TCK-0001179,CUST-000746,2025-05-25 13:42:00,2025-06-01 02:09:00,Low,Product Question,Resolved,2.0,37,9387.0,2025-06-03 22:52:00
TCK-0001180,CUST-000227,2025-10-24 10:51:00,2025-10-29 02:38:00,Medium,Integration,Closed,3.0,238,6707.0,2025-10-29 02:38:00
TCK-0001181,CUST-000307,2025-04-19 17:21:00,,Medium,Integration,In Progress,,160,,2025-04-29 19:04:00
TCK-0001182,CUST-000848,2025-06-04 04:52:00,2025-06-07 15:29:00,Medium,Data Sync,Resolved,1.0,257,4957.0,2025-06-07 15:29:00
TCK-0001183,CUST-000481,2025-05-18 19:48:00,2025-05-24 04:17:00,Low,Reporting,Closed,5.0,185,7709.0,2025-05-28 05:02:00
TCK-0001184,CUST-000685,2025-01-10 16:15:00,2025-01-10 21:57:00,Low,Reporting,Closed,5.0,92,342.0,2025-01-19 18:44:00
TCK-0001185,CUST-000330,2024-09-07 03:13:00,,Medium,Product Question,Open,,293,,2024-09-08 15:33:00
TCK-0001186,CUST-000154,2025-05-02 15:29:00,2025-05-08 01:29:00,Medium,Product Question,Closed,4.0,241,7800.0,2025-05-11 00:34:00
TCK-0001187,CUST-000199,2025-08-06 10:44:00,2025-08-12 16:09:00,Low,Reporting,Closed,3.0,105,8965.0,2025-08-12 16:09:00
TCK-0001188,CUST-000231,2025-04-17 10:18:00,2025-04-20 02:36:00,Low,Performance,Closed,1.0,280,3858.0,2025-04-20 02:36:00
TCK-0001189,CUST-000306,2024-11-20 13:41:00,2024-11-24 13:13:00,Low,Integration,Closed,2.0,75,5732.0,2024-12-09 06:29:00
TCK-0001190,CUST-000707,2025-08-02 06:02:00,2025-08-07 04:17:00,Medium,Performance,Resolved,3.0,395,7095.0,2025-08-07 04:17:00
TCK-0001191,CUST-000438,2025-10-01 22:13:00,2025-10-07 06:33:00,Low,Data Sync,Resolved,5.0,292,7700.0,2025-10-22 16:45:00
TCK-0001192,CUST-000492,2025-08-08 06:41:00,2025-08-14 10:43:00,Medium,Login,Closed,5.0,410,8882.0,2025-08-28 14:57:00
TCK-0001193,CUST-000293,2025-08-05 21:54:00,2025-08-08 11:33:00,Medium,Integration,Closed,3.0,228,3699.0,2025-08-31 05:53:00
TCK-0001194,CUST-000600,2025-07-18 04:44:00,,High,Product Question,In Progress,,394,,2025-08-04 22:20:00
TCK-0001195,CUST-000966,2025-08-05 05:00:00,2025-08-12 00:24:00,Medium,Data Sync,Resolved,4.0,119,9804.0,2025-08-17 23:42:00
TCK-0001196,CUST-000820,2025-07-06 23:11:00,2025-07-11 11:05:00,Medium,Performance,Resolved,4.0,457,6474.0,2025-07-17 13:56:00
TCK-0001197,CUST-000945,2025-11-11 14:24:00,2025-11-13 02:30:00,Medium,Performance,Closed,5.0,469,2166.0,2025-11-18 16:30:00
TCK-0001198,CUST-000436,2025-03-26 05:31:00,,Medium,Login,In Progress,,434,,2025-04-02 13:52:00
TCK-0001199,CUST-000110,2025-03-05 11:14:00,2025-03-12 14:39:00,Medium,Performance,Resolved,1.0,359,10285.0,2025-03-12 14:39:00
TCK-0001200,CUST-000259,2024-03-27 10:13:00,2024-03-28 11:34:00,Low,Reporting,Closed,2.0,136,1521.0,2024-04-10 15:51:00
TCK-0001201,CUST-000237,2024-11-27 18:16:00,,Low,Billing,In Progress,,302,,2024-12-16 23:38:00
TCK-0001202,CUST-000525,2025-09-19 12:02:00,2025-09-23 19:42:00,Medium,Product Question,Closed,5.0,98,6220.0,2025-10-08 15:46:00
TCK-0001203,CUST-000122,2025-11-27 01:36:00,2025-11-28 10:54:00,Low,Product Question,Closed,1.0,181,1998.0,2025-12-18 20:31:00
TCK-0001204,CUST-000427,2024-10-17 16:06:00,2024-10-19 07:55:00,Low,Reporting,Closed,5.0,183,2389.0,2024-10-26 19:28:00
TCK-0001205,CUST-000594,2024-05-06 19:49:00,2024-05-08 06:26:00,Medium,Reporting,Resolved,2.0,74,2077.0,2024-06-04 05:39:00
TCK-0001206,CUST-000415,2025-12-29 18:01:00,2026-01-01 18:46:00,Medium,Login,Closed,1.0,44,4365.0,2026-01-02 17:45:00
TCK-0001207,CUST-000546,2025-11-05 05:04:00,2025-11-10 21:56:00,Low,Data Sync,Closed,2.0,109,8212.0,2025-11-26 10:28:00
TCK-0001208,CUST-000509,2025-06-21 09:14:00,2025-06-26 18:46:00,Low,Login,Closed,5.0,399,7772.0,2025-07-18 21:40:00
TCK-0001209,CUST-000129,2024-06-12 00:57:00,,High,Billing,In Progress,,266,,2024-07-07 03:11:00
TCK-0001210,CUST-000188,2025-12-31 12:24:00,2026-01-06 13:38:00,Medium,Product Question,Closed,5.0,226,8714.0,2026-01-06 13:38:00
TCK-0001211,CUST-000650,2024-10-07 07:34:00,2024-10-14 09:29:00,Low,Billing,Closed,5.0,449,10195.0,2024-10-27 17:50:00
TCK-0001212,CUST-000453,2024-08-16 21:36:00,2024-08-23 10:09:00,Medium,Performance,Resolved,2.0,62,9393.0,2024-09-11 01:22:00
TCK-0001213,CUST-000353,2025-09-30 05:50:00,2025-10-01 23:01:00,Critical,Login,Closed,2.0,72,2471.0,2025-10-10 16:30:00
TCK-0001214,CUST-000548,2025-12-16 02:45:00,2025-12-21 21:32:00,Medium,Billing,Closed,5.0,221,8327.0,2026-01-01 23:54:00
TCK-0001215,CUST-000470,2024-08-29 17:16:00,,Medium,Integration,Open,,335,,2024-09-13 07:41:00
TCK-0001216,CUST-000627,2025-12-30 10:36:00,2026-01-05 17:05:00,High,Reporting,Closed,1.0,267,9029.0,2026-01-13 12:38:00
TCK-0001217,CUST-000726,2025-05-27 15:16:00,2025-05-30 00:39:00,Low,Performance,Closed,4.0,414,3443.0,2025-06-16 11:11:00
TCK-0001218,CUST-000104,2024-07-21 04:32:00,2024-07-21 23:09:00,Medium,Billing,Closed,4.0,176,1117.0,2024-07-28 20:36:00
TCK-0001219,CUST-000028,2025-12-30 20:58:00,2025-12-31 03:25:00,Low,Billing,Resolved,2.0,335,387.0,2026-01-09 06:00:00
TCK-0001220,CUST-000671,2025-12-29 01:06:00,2026-01-03 01:33:00,Medium,Integration,Closed,3.0,154,7227.0,2026-01-19 01:04:00
TCK-0001221,CUST-000887,2025-11-18 09:29:00,,Medium,Reporting,Open,,127,,2025-11-21 10:44:00
TCK-0001222,CUST-000706,2025-01-25 03:43:00,2025-01-30 04:29:00,High,Integration,Closed,3.0,215,7246.0,2025-02-08 21:08:00
TCK-0001223,CUST-000114,2025-11-22 17:11:00,2025-11-25 08:14:00,Medium,Reporting,Closed,4.0,282,3783.0,2025-12-15 04:05:00
TCK-0001224,CUST-000871,2024-10-10 05:58:00,,Medium,Product Question,Open,,123,,2024-10-13 08:03:00
TCK-0001225,CUST-000542,2025-12-30 11:08:00,2026-01-02 09:56:00,Medium,Reporting,Closed,5.0,460,4248.0,2026-01-07 03:11:00
TCK-0001226,CUST-000002,2024-10-22 13:31:00,2024-10-25 01:22:00,Low,Product Question,Closed,4.0,183,3591.0,2024-11-16 04:46:00
TCK-0001227,CUST-000943,2025-11-28 06:22:00,,Medium,Integration,Open,,239,,2025-12-13 12:58:00
TCK-0001228,CUST-000034,2025-05-29 18:24:00,2025-06-01 11:43:00,Low,Integration,Closed,5.0,340,3919.0,2025-06-19 07:37:00
TCK-0001229,CUST-000954,2025-04-23 06:09:00,2025-04-26 01:57:00,Medium,Billing,Resolved,3.0,155,4068.0,2025-05-18 16:09:00
TCK-0001230,CUST-000755,2025-12-29 22:34:00,2026-01-03 18:41:00,Low,Integration,Resolved,1.0,434,6967.0,2026-01-22 00:53:00
TCK-0001231,CUST-000750,2025-12-16 15:54:00,2025-12-19 16:32:00,Low,Product Question,Closed,2.0,365,4358.0,2025-12-27 06:48:00
TCK-0001232,CUST-000900,2025-05-12 22:59:00,2025-05-16 18:58:00,Medium,Product Question,Closed,4.0,30,5519.0,2025-05-19 19:11:00
TCK-0001233,CUST-000638,2025-09-15 01:36:00,2025-09-16 20:41:00,Low,Product Question,Closed,3.0,194,2585.0,2025-10-04 19:37:00
TCK-0001234,CUST-000112,2025-07-26 21:05:00,2025-08-02 18:18:00,Medium,Integration,Resolved,2.0,465,9913.0,2025-08-05 12:34:00
TCK-0001235,CUST-000507,2025-05-07 23:20:00,2025-05-14 23:22:00,Medium,Performance,Closed,3.0,366,10082.0,2025-05-16 07:26:00
TCK-0001236,CUST-000159,2025-09-29 12:21:00,2025-09-30 16:08:00,Medium,Billing,Closed,1.0,205,1667.0,2025-10-09 08:50:00
TCK-0001237,CUST-000160,2025-01-15 21:16:00,2025-01-22 03:53:00,Low,Reporting,Closed,5.0,459,9037.0,2025-01-30 11:09:00
TCK-0001238,CUST-000087,2025-06-26 10:10:00,2025-06-30 20:44:00,Medium,Data Sync,Resolved,5.0,406,6394.0,2025-07-01 05:58:00
TCK-0001239,CUST-000490,2025-06-01 10:54:00,,Low,Integration,Open,,247,,2025-06-08 09:59:00
TCK-0001240,CUST-000664,2025-08-31 10:48:00,2025-09-01 14:45:00,Low,Product Question,Resolved,3.0,318,1677.0,2025-09-26 21:57:00
TCK-0001241,CUST-000334,2025-12-23 15:19:00,2025-12-28 17:33:00,Medium,Reporting,Resolved,2.0,342,7334.0,2026-01-19 10:58:00
TCK-0001242,CUST-000710,2025-10-24 23:09:00,2025-10-31 06:09:00,Medium,Integration,Closed,1.0,396,9060.0,2025-11-04 22:37:00
TCK-0001243,CUST-000909,2025-01-06 05:00:00,2025-01-08 17:56:00,High,Data Sync,Closed,3.0,81,3656.0,2025-01-08 17:56:00
TCK-0001244,CUST-000316,2024-12-11 14:08:00,2024-12-14 07:48:00,Medium,Login,Closed,3.0,78,3940.0,2024-12-20 19:34:00
TCK-0001245,CUST-000014,2025-12-11 11:53:00,2025-12-18 11:05:00,Low,Reporting,Resolved,3.0,182,10032.0,2025-12-24 02:42:00
TCK-0001246,CUST-000713,2025-12-10 17:53:00,2025-12-12 18:17:00,Medium,Data Sync,Resolved,4.0,64,2904.0,2025-12-25 00:01:00
TCK-0001247,CUST-000604,2025-07-10 10:46:00,2025-07-16 03:50:00,Low,Integration,Closed,2.0,104,8224.0,2025-07-21 19:56:00
TCK-0001248,CUST-000066,2025-10-16 01:33:00,2025-10-18 02:02:00,Low,Reporting,Resolved,5.0,27,2909.0,2025-11-13 18:01:00
TCK-0001249,CUST-000839,2024-08-24 19:13:00,2024-08-28 12:13:00,Low,Integration,Resolved,5.0,447,5340.0,2024-09-17 16:48:00
TCK-0001250,CUST-000614,2025-09-14 23:22:00,2025-09-15 21:32:00,Low,Performance,Resolved,1.0,108,1330.0,2025-09-25 22:36:00
TCK-0001251,CUST-000046,2025-12-27 22:47:00,,Medium,Billing,In Progress,,129,,2026-01-26 12:25:00
TCK-0001252,CUST-000665,2025-12-15 12:29:00,2025-12-17 05:07:00,Medium,Data Sync,Closed,1.0,311,2438.0,2026-01-12 10:04:00
TCK-0001253,CUST-000577,2025-07-15 08:16:00,2025-07-20 08:55:00,Medium,Billing,Resolved,2.0,166,7239.0,2025-07-25 09:04:00
TCK-0001254,CUST-000018,2025-10-19 14:27:00,2025-10-22 11:21:00,Low,Billing,Closed,4.0,243,4134.0,2025-11-16 13:53:00
TCK-0001255,CUST-000543,2025-12-27 20:04:00,2025-12-28 23:35:00,Medium,Integration,Closed,2.0,12,1651.0,2026-01-24 17:21:00
TCK-0001256,CUST-000501,2025-08-12 19:23:00,2025-08-13 06:59:00,Medium,Performance,Closed,3.0,321,696.0,2025-08-22 10:11:00
TCK-0001257,CUST-000056,2024-11-08 13:25:00,2024-11-09 19:57:00,Low,Integration,Closed,3.0,453,1832.0,2024-11-17 15:46:00
TCK-0001258,CUST-000368,2025-10-14 02:01:00,2025-10-17 23:03:00,Low,Data Sync,Closed,4.0,466,5582.0,2025-10-31 21:28:00
TCK-0001259,CUST-000705,2025-11-12 05:58:00,,Low,Data Sync,Open,,441,,2025-12-06 18:49:00
TCK-0001260,CUST-000581,2025-05-27 00:18:00,2025-05-28 09:06:00,Low,Performance,Closed,1.0,81,1968.0,2025-06-15 06:48:00
TCK-0001261,CUST-000416,2025-06-06 12:10:00,2025-06-13 06:10:00,Medium,Integration,Resolved,5.0,117,9720.0,2025-06-24 18:46:00
TCK-0001262,CUST-000596,2024-08-23 22:55:00,2024-08-27 21:27:00,Low,Billing,Resolved,4.0,110,5672.0,2024-09-01 12:43:00
TCK-0001263,CUST-000444,2024-10-19 14:31:00,,High,Billing,Open,,386,,2024-11-09 21:20:00
TCK-0001264,CUST-000085,2025-03-30 05:07:00,2025-03-31 06:18:00,Medium,Performance,Closed,2.0,111,1511.0,2025-04-28 23:45:00
TCK-0001265,CUST-000054,2025-11-29 00:55:00,2025-12-02 22:58:00,Low,Integration,Closed,5.0,340,5643.0,2025-12-23 13:13:00
TCK-0001266,CUST-000631,2025-11-19 02:32:00,2025-11-21 03:55:00,Low,Performance,Resolved,3.0,349,2963.0,2025-12-07 00:12:00
TCK-0001267,CUST-000393,2025-06-12 08:01:00,,Low,Integration,Open,,452,,2025-06-14 18:53:00
TCK-0001268,CUST-000760,2025-04-02 22:27:00,2025-04-08 11:50:00,High,Data Sync,Closed,5.0,19,8003.0,2025-04-24 09:04:00
TCK-0001269,CUST-000102,2025-06-30 01:00:00,2025-07-03 08:39:00,Low,Product Question,Resolved,4.0,64,4779.0,2025-07-16 19:57:00
TCK-0001270,CUST-000816,2024-03-29 09:00:00,2024-04-05 10:48:00,Critical,Billing,Closed,2.0,165,10188.0,2024-04-19 02:19:00
TCK-0001271,CUST-000718,2025-07-31 09:26:00,,Critical,Reporting,Open,,354,,2025-08-20 16:47:00
TCK-0001272,CUST-000829,2025-04-23 20:30:00,2025-04-26 11:44:00,Low,Data Sync,Resolved,2.0,265,3794.0,2025-04-30 13:24:00
TCK-0001273,CUST-000782,2025-12-20 14:42:00,,High,Billing,In Progress,,157,,2026-01-06 09:57:00
TCK-0001274,CUST-000053,2025-01-01 22:20:00,2025-01-05 06:11:00,Low,Login,Closed,4.0,11,4791.0,2025-01-19 17:46:00
TCK-0001275,CUST-000164,2025-10-30 20:31:00,2025-11-05 01:42:00,Low,Data Sync,Closed,4.0,15,7511.0,2025-11-15 07:23:00
TCK-0001276,CUST-000178,2025-08-10 04:42:00,2025-08-13 14:31:00,High,Integration,Resolved,2.0,447,4909.0,2025-09-05 02:48:00
TCK-0001277,CUST-000114,2025-11-21 14:34:00,2025-11-21 23:06:00,Medium,Product Question,Resolved,1.0,479,512.0,2025-12-10 04:54:00
TCK-0001278,CUST-000729,2025-07-29 01:39:00,2025-07-31 21:51:00,Medium,Billing,Closed,3.0,461,4092.0,2025-08-20 22:31:00
TCK-0001279,CUST-000970,2025-09-22 15:51:00,2025-09-24 09:30:00,Medium,Billing,Closed,1.0,354,2499.0,2025-10-12 18:52:00
TCK-0001280,CUST-000824,2025-12-21 00:56:00,2025-12-23 03:17:00,Medium,Billing,Closed,3.0,395,3021.0,2026-01-03 18:31:00
TCK-0001281,CUST-000450,2024-07-05 15:16:00,2024-07-08 13:25:00,Medium,Data Sync,Resolved,3.0,245,4209.0,2024-07-25 15:04:00
TCK-0001282,CUST-000908,2025-12-15 06:37:00,2025-12-19 22:35:00,Low,Product Question,Closed,5.0,228,6718.0,2025-12-31 13:33:00
TCK-0001283,CUST-000738,2025-04-15 17:00:00,2025-04-21 18:55:00,Critical,Data Sync,Closed,5.0,463,8755.0,2025-05-03 11:37:00
TCK-0001284,CUST-000703,2024-09-29 04:16:00,2024-10-01 00:52:00,High,Integration,Resolved,1.0,282,2676.0,2024-10-18 10:02:00
TCK-0001285,CUST-000229,2025-08-22 06:42:00,2025-08-26 16:42:00,Low,Integration,Resolved,5.0,369,6360.0,2025-09-08 12:06:00
TCK-0001286,CUST-000802,2025-08-25 21:38:00,2025-08-29 01:39:00,Medium,Billing,Closed,5.0,17,4561.0,2025-09-06 01:05:00
TCK-0001287,CUST-000162,2025-07-05 14:51:00,2025-07-06 02:49:00,Low,Login,Resolved,4.0,98,718.0,2025-07-26 04:43:00
TCK-0001288,CUST-000573,2025-10-02 22:17:00,2025-10-05 23:29:00,Medium,Login,Closed,4.0,387,4392.0,2025-10-12 21:59:00
TCK-0001289,CUST-000309,2025-06-30 18:16:00,2025-07-05 22:47:00,Medium,Integration,Closed,1.0,222,7471.0,2025-07-17 14:32:00
TCK-0001290,CUST-000707,2025-06-29 10:36:00,,Low,Product Question,In Progress,,11,,2025-07-12 22:25:00
TCK-0001291,CUST-000747,2024-08-19 08:55:00,2024-08-24 23:14:00,Low,Product Question,Closed,1.0,297,8059.0,2024-09-04 18:10:00
TCK-0001292,CUST-000581,2025-06-13 08:27:00,2025-06-19 06:53:00,Medium,Login,Closed,3.0,303,8546.0,2025-07-13 07:27:00
TCK-0001293,CUST-000529,2025-07-22 11:21:00,2025-07-26 05:42:00,Medium,Login,Closed,5.0,139,5421.0,2025-08-09 18:39:00
TCK-0001294,CUST-000001,2025-10-13 09:47:00,2025-10-13 14:44:00,Low,Product Question,Closed,1.0,47,297.0,2025-11-03 09:39:00
TCK-0001295,CUST-000836,2025-08-26 03:06:00,2025-08-28 20:41:00,Medium,Billing,Resolved,3.0,200,3935.0,2025-09-06 04:37:00
TCK-0001296,CUST-000682,2025-05-31 20:00:00,2025-06-05 01:42:00,Medium,Product Question,Closed,5.0,381,6102.0,2025-06-05 01:42:00
TCK-0001297,CUST-000011,2025-12-31 05:36:00,2026-01-02 01:50:00,Medium,Integration,Resolved,5.0,8,2654.0,2026-01-28 22:28:00
TCK-0001298,CUST-000530,2025-05-06 03:28:00,2025-05-07 03:24:00,Low,Reporting,Resolved,3.0,256,1436.0,2025-05-09 21:14:00
TCK-0001299,CUST-000550,2025-08-16 04:05:00,2025-08-18 23:00:00,Low,Reporting,Closed,1.0,268,4015.0,2025-09-04 08:57:00
TCK-0001300,CUST-000024,2025-03-28 03:37:00,2025-03-28 20:29:00,Low,Integration,Resolved,3.0,79,1012.0,2025-04-01 05:54:00
TCK-0001301,CUST-000428,2025-09-22 15:11:00,2025-09-28 10:13:00,High,Reporting,Closed,4.0,221,8342.0,2025-10-14 06:39:00
TCK-0001302,CUST-000070,2025-01-20 06:43:00,2025-01-22 16:38:00,Low,Billing,Resolved,2.0,36,3475.0,2025-02-15 17:25:00
TCK-0001303,CUST-000163,2025-05-09 00:23:00,2025-05-13 07:37:00,Medium,Integration,Resolved,4.0,173,6194.0,2025-05-13 07:37:00
TCK-0001304,CUST-000843,2025-10-03 13:59:00,,Low,Billing,In Progress,,121,,2025-10-07 22:29:00
TCK-0001305,CUST-000358,2025-11-30 10:27:00,2025-12-03 21:58:00,Low,Performance,Closed,1.0,243,5011.0,2025-12-14 15:53:00
TCK-0001306,CUST-000126,2025-07-27 17:05:00,2025-08-03 13:00:00,Medium,Billing,Closed,2.0,465,9835.0,2025-08-10 05:49:00
TCK-0001307,CUST-000491,2025-05-01 04:21:00,2025-05-03 00:49:00,Low,Product Question,Closed,2.0,110,2668.0,2025-05-05 00:34:00
TCK-0001308,CUST-000532,2025-10-03 23:46:00,2025-10-08 21:22:00,Medium,Performance,Closed,5.0,62,7056.0,2025-10-23 07:01:00
TCK-0001309,CUST-000386,2025-12-30 03:09:00,,Medium,Performance,Open,,268,,2026-01-07 02:11:00
TCK-0001310,CUST-000112,2025-08-02 00:58:00,2025-08-06 17:16:00,Critical,Login,Resolved,3.0,221,6738.0,2025-08-26 08:44:00
TCK-0001311,CUST-000909,2025-09-22 08:36:00,2025-09-29 06:01:00,Medium,Billing,Closed,5.0,21,9925.0,2025-10-01 04:34:00
TCK-0001312,CUST-000068,2025-11-23 08:33:00,2025-11-24 15:31:00,Low,Data Sync,Resolved,3.0,134,1858.0,2025-12-03 00:55:00
TCK-0001313,CUST-000371,2024-06-19 21:50:00,2024-06-21 00:27:00,Medium,Product Question,Closed,3.0,308,1597.0,2024-07-10 05:43:00
TCK-0001314,CUST-000666,2025-11-16 07:23:00,2025-11-22 11:41:00,Low,Login,Closed,1.0,319,8898.0,2025-11-23 05:55:00
TCK-0001315,CUST-000875,2024-11-18 14:46:00,2024-11-22 10:57:00,Medium,Integration,Closed,4.0,394,5531.0,2024-11-26 20:00:00
TCK-0001316,CUST-000699,2025-08-26 01:00:00,,Medium,Integration,In Progress,,369,,2025-08-29 03:25:00
TCK-0001317,CUST-000585,2025-09-26 14:11:00,2025-09-30 18:31:00,Medium,Billing,Closed,4.0,189,6020.0,2025-10-02 23:24:00
TCK-0001318,CUST-000442,2025-11-08 19:00:00,2025-11-10 23:09:00,Medium,Login,Closed,5.0,450,3129.0,2025-11-11 04:41:00
TCK-0001319,CUST-000818,2025-12-31 17:20:00,,Low,Data Sync,In Progress,,199,,2026-01-04 08:30:00
TCK-0001320,CUST-000463,2025-10-10 10:13:00,,Medium,Reporting,Open,,226,,2025-10-14 23:20:00
TCK-0001321,CUST-000592,2024-10-18 13:01:00,2024-10-21 02:22:00,Medium,Performance,Resolved,1.0,72,3681.0,2024-11-05 02:06:00
TCK-0001322,CUST-000429,2025-09-23 14:44:00,2025-09-28 03:41:00,Low,Billing,Closed,4.0,224,6537.0,2025-10-14 04:03:00
TCK-0001323,CUST-000780,2025-08-31 10:22:00,2025-09-07 04:45:00,Low,Billing,Closed,4.0,451,9743.0,2025-09-16 05:54:00
TCK-0001324,CUST-000049,2025-10-14 10:51:00,2025-10-19 05:30:00,Low,Integration,Closed,5.0,137,6879.0,2025-10-19 05:30:00
TCK-0001325,CUST-000217,2025-06-15 22:27:00,,Medium,Product Question,Open,,475,,2025-07-15 18:32:00
TCK-0001326,CUST-000844,2025-07-15 08:47:00,,Medium,Performance,In Progress,,360,,2025-08-03 20:13:00
TCK-0001327,CUST-000095,2024-09-14 22:04:00,2024-09-18 02:53:00,Low,Integration,Resolved,4.0,106,4609.0,2024-10-10 16:27:00
TCK-0001328,CUST-000607,2025-12-28 03:18:00,,Low,Data Sync,Open,,476,,2026-01-22 21:33:00
TCK-0001329,CUST-000615,2024-07-07 11:26:00,2024-07-12 04:08:00,Medium,Login,Closed,4.0,402,6762.0,2024-07-18 09:10:00
TCK-0001330,CUST-000137,2025-10-05 21:22:00,2025-10-07 22:41:00,Low,Billing,Closed,3.0,174,2959.0,2025-10-21 10:18:00
TCK-0001331,CUST-000259,2024-02-20 05:13:00,2024-02-23 22:40:00,Medium,Integration,Resolved,1.0,425,5367.0,2024-02-23 22:40:00
TCK-0001332,CUST-000304,2025-11-20 02:51:00,,Low,Data Sync,Open,,338,,2025-12-18 08:28:00
TCK-0001333,CUST-000467,2025-12-24 15:21:00,,Medium,Billing,Open,,11,,2026-01-23 04:27:00
TCK-0001334,CUST-000537,2025-07-10 13:53:00,2025-07-12 05:53:00,Low,Login,Closed,3.0,371,2400.0,2025-07-24 12:30:00
TCK-0001335,CUST-000242,2025-11-15 11:17:00,,Low,Performance,In Progress,,422,,2025-12-06 12:36:00
TCK-0001336,CUST-000320,2025-12-25 23:25:00,2026-01-01 02:34:00,Medium,Performance,Closed,5.0,391,8829.0,2026-01-09 01:57:00
TCK-0001337,CUST-000641,2025-05-15 09:14:00,2025-05-16 23:03:00,High,Integration,Closed,3.0,223,2269.0,2025-05-21 11:43:00
TCK-0001338,CUST-000889,2024-08-14 06:52:00,2024-08-16 12:30:00,Medium,Performance,Closed,1.0,292,3218.0,2024-08-19 01:02:00
TCK-0001339,CUST-000726,2025-10-05 09:14:00,2025-10-06 17:43:00,Low,Reporting,Closed,4.0,363,1949.0,2025-11-01 09:14:00
TCK-0001340,CUST-000909,2025-11-25 11:27:00,2025-11-26 10:42:00,Medium,Data Sync,Closed,1.0,197,1395.0,2025-12-14 11:56:00
TCK-0001341,CUST-000504,2025-06-23 16:07:00,2025-06-25 04:12:00,Low,Product Question,Resolved,3.0,192,2165.0,2025-06-29 20:24:00
TCK-0001342,CUST-000033,2024-10-27 17:53:00,,Medium,Integration,In Progress,,285,,2024-11-19 13:34:00
TCK-0001343,CUST-000366,2024-07-14 09:28:00,,Low,Login,In Progress,,13,,2024-08-11 14:47:00
TCK-0001344,CUST-000999,2025-04-06 06:09:00,2025-04-13 00:50:00,Medium,Integration,Closed,5.0,52,9761.0,2025-04-13 00:50:00
TCK-0001345,CUST-000611,2025-12-26 14:51:00,2025-12-27 01:55:00,High,Product Question,Closed,3.0,413,664.0,2026-01-03 10:24:00
TCK-0001346,CUST-000276,2025-02-08 05:24:00,2025-02-13 22:03:00,Medium,Integration,Closed,1.0,465,8199.0,2025-02-26 14:59:00
TCK-0001347,CUST-000845,2025-03-09 03:34:00,2025-03-13 09:42:00,Medium,Integration,Closed,5.0,217,6128.0,2025-03-14 07:59:00
TCK-0001348,CUST-000381,2024-12-09 02:39:00,2024-12-11 12:08:00,High,Billing,Resolved,1.0,79,3449.0,2024-12-21 13:36:00
TCK-0001349,CUST-000301,2024-12-06 06:06:00,2024-12-07 11:44:00,Low,Performance,Closed,3.0,63,1778.0,2024-12-25 12:52:00
TCK-0001350,CUST-000004,2025-06-18 00:32:00,2025-06-19 07:45:00,Low,Integration,Closed,2.0,108,1873.0,2025-07-17 11:38:00
TCK-0001351,CUST-000134,2025-08-09 15:57:00,2025-08-13 08:47:00,Low,Billing,Closed,4.0,189,5330.0,2025-09-05 19:24:00
TCK-0001352,CUST-000435,2025-02-01 06:47:00,2025-02-06 23:55:00,High,Reporting,Resolved,5.0,289,8228.0,2025-02-06 23:55:00
TCK-0001353,CUST-000574,2025-10-11 01:49:00,,Low,Product Question,Open,,140,,2025-10-28 15:23:00
TCK-0001354,CUST-000176,2025-08-09 16:18:00,2025-08-14 12:13:00,High,Integration,Resolved,1.0,261,6955.0,2025-08-21 10:32:00
TCK-0001355,CUST-000438,2025-10-25 21:20:00,2025-10-27 05:52:00,Medium,Product Question,Closed,1.0,328,1952.0,2025-11-02 00:40:00
TCK-0001356,CUST-000405,2025-02-13 01:48:00,2025-02-14 11:54:00,High,Data Sync,Closed,1.0,36,2046.0,2025-02-25 11:05:00
TCK-0001357,CUST-000543,2025-12-19 05:21:00,,Medium,Integration,In Progress,,271,,2026-01-17 13:09:00
TCK-0001358,CUST-000901,2025-01-07 18:25:00,,Low,Performance,In Progress,,271,,2025-01-21 19:09:00
TCK-0001359,CUST-000457,2025-09-26 19:08:00,,Medium,Reporting,In Progress,,345,,2025-10-14 16:23:00
TCK-0001360,CUST-000712,2025-04-23 10:15:00,,High,Login,Open,,320,,2025-05-02 12:02:00
TCK-0001361,CUST-000608,2024-09-17 11:29:00,2024-09-18 20:55:00,Medium,Reporting,Resolved,4.0,464,2006.0,2024-10-15 08:40:00
TCK-0001362,CUST-000836,2025-04-09 13:17:00,,Low,Login,Open,,232,,2025-04-18 00:59:00
TCK-0001363,CUST-000953,2025-12-20 12:31:00,,Medium,Reporting,Open,,118,,2025-12-27 10:43:00
TCK-0001364,CUST-000795,2025-10-06 07:29:00,2025-10-09 06:59:00,Low,Billing,Resolved,2.0,279,4290.0,2025-10-16 21:21:00
TCK-0001365,CUST-000217,2025-10-15 19:29:00,2025-10-19 22:17:00,Medium,Billing,Closed,5.0,89,5928.0,2025-10-24 01:36:00
TCK-0001366,CUST-000258,2025-07-27 15:49:00,2025-07-29 03:41:00,Medium,Data Sync,Closed,4.0,60,2152.0,2025-08-01 11:54:00
TCK-0001367,CUST-000243,2025-07-14 11:44:00,2025-07-17 19:23:00,Low,Login,Resolved,1.0,321,4779.0,2025-08-04 09:24:00
TCK-0001368,CUST-000756,2025-11-10 18:08:00,2025-11-15 03:36:00,Low,Data Sync,Resolved,3.0,431,6328.0,2025-11-15 03:36:00
TCK-0001369,CUST-000999,2025-01-04 05:59:00,2025-01-05 01:45:00,Medium,Integration,Closed,3.0,273,1186.0,2025-01-09 09:05:00
TCK-0001370,CUST-000057,2025-12-18 02:02:00,2025-12-21 08:54:00,Low,Integration,Closed,1.0,477,4732.0,2026-01-13 20:32:00
TCK-0001371,CUST-000980,2025-10-07 07:07:00,2025-10-10 04:13:00,Medium,Login,Closed,2.0,270,4146.0,2025-10-10 19:51:00
TCK-0001372,CUST-000639,2024-05-05 21:18:00,,Medium,Billing,In Progress,,296,,2024-05-21 00:59:00
TCK-0001373,CUST-000462,2024-06-11 17:21:00,2024-06-12 14:17:00,Medium,Billing,Closed,5.0,305,1256.0,2024-07-09 15:01:00
TCK-0001374,CUST-000756,2025-12-04 14:07:00,,Low,Login,Open,,266,,2025-12-28 00:51:00
TCK-0001375,CUST-000483,2024-11-25 13:35:00,2024-11-28 04:54:00,Medium,Integration,Resolved,3.0,131,3799.0,2024-12-21 18:33:00
TCK-0001376,CUST-000356,2025-05-17 15:35:00,2025-05-24 01:52:00,Medium,Product Question,Closed,1.0,337,9257.0,2025-05-27 22:15:00
TCK-0001377,CUST-000566,2025-05-20 22:09:00,2025-05-26 03:33:00,Medium,Billing,Closed,2.0,260,7524.0,2025-06-19 11:11:00
TCK-0001378,CUST-000468,2025-10-07 12:38:00,2025-10-14 08:17:00,Medium,Integration,Resolved,1.0,425,9819.0,2025-11-04 09:45:00
TCK-0001379,CUST-000557,2025-12-06 07:48:00,2025-12-09 23:12:00,Low,Data Sync,Resolved,5.0,72,5244.0,2025-12-18 02:40:00
TCK-0001380,CUST-000823,2025-12-12 02:14:00,,Medium,Product Question,In Progress,,92,,2026-01-05 10:55:00
TCK-0001381,CUST-000726,2025-06-01 02:21:00,,Medium,Product Question,In Progress,,306,,2025-06-03 04:24:00
TCK-0001382,CUST-000775,2025-03-17 10:41:00,,High,Integration,Open,,240,,2025-04-15 07:06:00
TCK-0001383,CUST-000526,2025-01-12 15:34:00,2025-01-17 02:51:00,Medium,Performance,Resolved,1.0,195,6437.0,2025-01-22 10:27:00
TCK-0001384,CUST-000990,2025-08-17 04:14:00,2025-08-22 09:32:00,Low,Integration,Closed,5.0,197,7518.0,2025-09-09 06:48:00
TCK-0001385,CUST-000736,2024-10-13 03:50:00,2024-10-19 23:59:00,Medium,Data Sync,Resolved,2.0,317,9849.0,2024-10-20 09:23:00
TCK-0001386,CUST-000315,2025-07-17 12:15:00,2025-07-22 02:20:00,Medium,Login,Resolved,5.0,81,6605.0,2025-08-08 00:06:00
TCK-0001387,CUST-000769,2025-03-05 03:30:00,2025-03-09 12:27:00,Low,Product Question,Closed,4.0,233,6297.0,2025-03-28 18:02:00
TCK-0001388,CUST-000364,2025-01-13 21:37:00,2025-01-16 20:03:00,Low,Login,Resolved,3.0,200,4226.0,2025-01-31 16:28:00
TCK-0001389,CUST-000345,2025-04-04 20:42:00,2025-04-06 10:33:00,Medium,Billing,Closed,4.0,272,2271.0,2025-04-06 10:33:00
TCK-0001390,CUST-000452,2025-10-26 11:18:00,2025-10-29 00:56:00,Medium,Performance,Resolved,1.0,422,3698.0,2025-11-19 08:31:00
TCK-0001391,CUST-000693,2025-12-29 18:33:00,2026-01-02 20:00:00,Medium,Reporting,Resolved,5.0,24,5847.0,2026-01-27 00:33:00
TCK-0001392,CUST-000280,2025-06-16 05:01:00,2025-06-23 03:55:00,Low,Integration,Resolved,5.0,59,10014.0,2025-06-25 15:50:00
TCK-0001393,CUST-000543,2025-12-13 03:25:00,2025-12-17 12:41:00,Medium,Billing,Closed,2.0,232,6316.0,2026-01-11 11:01:00
TCK-0001394,CUST-000833,2025-03-10 12:07:00,2025-03-11 08:41:00,Low,Performance,Closed,4.0,91,1234.0,2025-03-12 13:06:00
TCK-0001395,CUST-000957,2025-06-10 18:30:00,2025-06-11 18:42:00,Medium,Product Question,Resolved,2.0,270,1452.0,2025-06-22 14:28:00
TCK-0001396,CUST-000320,2025-11-08 08:06:00,2025-11-14 07:24:00,Low,Performance,Closed,2.0,309,8598.0,2025-11-19 02:47:00
TCK-0001397,CUST-000542,2025-12-21 05:24:00,,Low,Product Question,In Progress,,466,,2026-01-09 05:35:00
TCK-0001398,CUST-000898,2025-08-30 22:17:00,,Low,Billing,In Progress,,105,,2025-09-23 03:02:00
TCK-0001399,CUST-000781,2025-09-13 10:35:00,,Low,Data Sync,In Progress,,85,,2025-10-08 05:26:00
TCK-0001400,CUST-000661,2024-12-25 10:13:00,2024-12-25 14:18:00,Medium,Product Question,Closed,5.0,87,245.0,2024-12-28 14:38:00
TCK-0001401,CUST-000114,2025-11-09 06:27:00,,Medium,Integration,In Progress,,359,,2025-12-05 20:43:00
TCK-0001402,CUST-000813,2024-06-24 19:07:00,2024-06-30 16:46:00,Low,Integration,Closed,4.0,443,8499.0,2024-07-21 13:08:00
TCK-0001403,CUST-000645,2025-03-27 05:13:00,2025-03-31 21:07:00,Low,Login,Resolved,5.0,153,6714.0,2025-04-07 03:09:00
TCK-0001404,CUST-000494,2025-07-05 11:33:00,,Critical,Product Question,In Progress,,213,,2025-07-21 14:07:00
TCK-0001405,CUST-000113,2025-11-06 02:02:00,2025-11-07 18:15:00,Medium,Performance,Closed,2.0,473,2413.0,2025-11-23 17:56:00
TCK-0001406,CUST-000702,2025-08-19 05:39:00,2025-08-25 02:55:00,Medium,Billing,Resolved,2.0,106,8476.0,2025-09-12 05:22:00
TCK-0001407,CUST-000671,2025-10-11 23:14:00,2025-10-18 18:36:00,Medium,Login,Resolved,2.0,28,9802.0,2025-10-22 18:40:00
TCK-0001408,CUST-000259,2024-04-12 15:55:00,2024-04-17 04:40:00,Low,Product Question,Closed,4.0,245,6525.0,2024-04-27 22:14:00
TCK-0001409,CUST-000327,2025-08-23 05:49:00,2025-08-28 00:53:00,Low,Product Question,Closed,4.0,271,6904.0,2025-09-12 23:54:00
TCK-0001410,CUST-000962,2025-08-18 00:27:00,2025-08-23 06:21:00,Medium,Reporting,Closed,5.0,36,7554.0,2025-09-12 06:22:00
TCK-0001411,CUST-000635,2025-03-23 07:55:00,2025-03-25 23:58:00,Medium,Integration,Resolved,5.0,279,3843.0,2025-04-02 04:32:00
TCK-0001412,CUST-000527,2025-06-10 19:35:00,2025-06-12 20:49:00,Medium,Product Question,Resolved,3.0,115,2954.0,2025-07-10 15:53:00
TCK-0001413,CUST-000435,2025-11-13 15:41:00,,Low,Billing,In Progress,,69,,2025-12-09 05:32:00
TCK-0001414,CUST-000536,2025-12-26 21:24:00,2025-12-29 01:02:00,Medium,Integration,Resolved,1.0,275,3098.0,2026-01-20 03:26:00
TCK-0001415,CUST-000820,2025-12-09 17:24:00,2025-12-15 08:55:00,Medium,Data Sync,Resolved,4.0,414,8131.0,2025-12-27 18:22:00
TCK-0001416,CUST-000057,2025-08-27 13:08:00,2025-09-02 15:02:00,Medium,Login,Closed,2.0,91,8754.0,2025-09-22 20:42:00
TCK-0001417,CUST-000123,2025-08-10 23:15:00,2025-08-14 15:26:00,Medium,Data Sync,Closed,4.0,74,5291.0,2025-09-03 10:16:00
TCK-0001418,CUST-000209,2024-08-11 05:56:00,2024-08-15 16:43:00,Medium,Data Sync,Closed,4.0,443,6407.0,2024-09-04 22:23:00
TCK-0001419,CUST-000244,2025-02-02 03:35:00,2025-02-03 02:08:00,Medium,Reporting,Closed,5.0,388,1353.0,2025-02-04 22:58:00
TCK-0001420,CUST-000132,2025-12-15 04:11:00,,Medium,Billing,Open,,121,,2025-12-28 16:19:00
TCK-0001421,CUST-000425,2025-03-06 14:26:00,2025-03-13 16:00:00,Medium,Login,Closed,3.0,143,10174.0,2025-04-01 02:29:00
TCK-0001422,CUST-000009,2025-07-31 17:18:00,2025-08-05 05:52:00,Medium,Product Question,Resolved,1.0,141,6514.0,2025-08-11 08:10:00
TCK-0001423,CUST-000351,2025-04-20 16:57:00,,Medium,Data Sync,In Progress,,212,,2025-05-02 05:15:00
TCK-0001424,CUST-000028,2025-12-26 05:08:00,2025-12-29 03:15:00,Medium,Billing,Closed,2.0,341,4207.0,2026-01-12 04:04:00
TCK-0001425,CUST-000092,2025-08-15 17:13:00,2025-08-20 21:40:00,Medium,Login,Closed,2.0,377,7467.0,2025-09-07 12:07:00
TCK-0001426,CUST-000658,2025-12-13 12:15:00,2025-12-20 02:34:00,Low,Login,Closed,4.0,416,9499.0,2025-12-20 02:34:00
TCK-0001427,CUST-000432,2025-12-16 23:53:00,2025-12-22 10:47:00,Medium,Performance,Resolved,1.0,476,7854.0,2026-01-05 10:54:00
TCK-0001428,CUST-000973,2025-04-26 20:42:00,2025-04-28 22:49:00,High,Integration,Closed,3.0,44,3007.0,2025-05-10 02:11:00
TCK-0001429,CUST-000575,2025-08-17 03:10:00,2025-08-19 02:46:00,Low,Product Question,Closed,4.0,317,2856.0,2025-09-14 15:16:00
TCK-0001430,CUST-000388,2025-12-31 18:20:00,2026-01-02 02:10:00,Medium,Billing,Resolved,5.0,269,1910.0,2026-01-04 17:43:00
TCK-0001431,CUST-000734,2025-09-12 02:25:00,2025-09-17 07:40:00,Medium,Login,Closed,5.0,430,7515.0,2025-09-17 07:40:00
TCK-0001432,CUST-000835,2025-02-05 00:21:00,2025-02-06 12:57:00,Low,Data Sync,Closed,1.0,353,2196.0,2025-02-14 00:26:00
TCK-0001433,CUST-000199,2025-05-29 04:24:00,2025-06-03 00:50:00,Low,Reporting,Closed,1.0,399,6986.0,2025-06-26 16:26:00
TCK-0001434,CUST-000545,2025-11-11 16:53:00,2025-11-18 11:07:00,High,Integration,Closed,5.0,415,9734.0,2025-12-02 20:12:00
TCK-0001435,CUST-000284,2025-10-22 21:18:00,2025-10-27 19:58:00,Low,Product Question,Resolved,5.0,388,7120.0,2025-11-04 13:52:00
TCK-0001436,CUST-000993,2024-12-31 00:17:00,2025-01-02 05:08:00,Low,Integration,Closed,3.0,46,3171.0,2025-01-02 06:07:00
TCK-0001437,CUST-000449,2025-09-15 23:22:00,2025-09-17 19:17:00,Medium,Performance,Resolved,3.0,300,2635.0,2025-10-04 02:26:00
TCK-0001438,CUST-000081,2025-11-13 07:46:00,2025-11-20 11:54:00,High,Integration,Closed,5.0,477,10328.0,2025-12-10 22:45:00
TCK-0001439,CUST-000840,2025-12-30 06:38:00,2025-12-31 08:38:00,Low,Login,Closed,3.0,224,1560.0,2026-01-21 20:00:00
TCK-0001440,CUST-000893,2025-10-19 08:59:00,2025-10-19 17:08:00,Low,Product Question,Resolved,1.0,52,489.0,2025-10-20 20:37:00
TCK-0001441,CUST-000376,2025-12-29 00:58:00,2026-01-01 15:15:00,High,Reporting,Closed,2.0,27,5177.0,2026-01-23 19:27:00
TCK-0001442,CUST-000458,2025-12-25 11:19:00,2025-12-26 02:30:00,Low,Product Question,Closed,2.0,386,911.0,2026-01-02 01:52:00
TCK-0001443,CUST-000726,2025-04-13 17:02:00,2025-04-19 17:09:00,Low,Product Question,Resolved,4.0,410,8647.0,2025-05-07 11:10:00
TCK-0001444,CUST-000033,2025-10-05 15:42:00,2025-10-11 10:52:00,Low,Product Question,Closed,2.0,75,8350.0,2025-11-03 09:35:00
TCK-0001445,CUST-000884,2024-11-05 16:54:00,,High,Data Sync,In Progress,,460,,2024-11-15 20:00:00
TCK-0001446,CUST-000001,2025-10-26 23:47:00,2025-10-30 00:58:00,High,Reporting,Resolved,1.0,298,4391.0,2025-11-22 02:58:00
TCK-0001447,CUST-000185,2025-11-25 12:38:00,2025-12-02 04:17:00,Medium,Login,Closed,1.0,160,9579.0,2025-12-14 02:18:00
TCK-0001448,CUST-000316,2025-07-21 04:14:00,2025-07-26 05:23:00,High,Data Sync,Closed,1.0,166,7269.0,2025-07-26 05:23:00
TCK-0001449,CUST-000643,2024-07-14 06:51:00,2024-07-15 05:55:00,Low,Performance,Closed,1.0,115,1384.0,2024-07-25 17:33:00
TCK-0001450,CUST-000783,2025-09-09 16:06:00,2025-09-13 22:38:00,Low,Billing,Closed,3.0,166,6152.0,2025-10-05 20:01:00
